-- phpMyAdmin SQL Dump
-- version 3.5.8.1deb1
-- http://www.phpmyadmin.net
--
-- Host: localhost
-- Generation Time: Mar 29, 2014 at 12:01 AM
-- Server version: 5.5.34-0ubuntu0.13.04.1
-- PHP Version: 5.4.9-4ubuntu2.4

SET SQL_MODE="NO_AUTO_VALUE_ON_ZERO";
SET time_zone = "+00:00";


/*!40101 SET @OLD_CHARACTER_SET_CLIENT=@@CHARACTER_SET_CLIENT */;
/*!40101 SET @OLD_CHARACTER_SET_RESULTS=@@CHARACTER_SET_RESULTS */;
/*!40101 SET @OLD_COLLATION_CONNECTION=@@COLLATION_CONNECTION */;
/*!40101 SET NAMES utf8 */;

--
-- Database: `onlinetest`
--

-- --------------------------------------------------------

--
-- Table structure for table `passage`
--

CREATE TABLE IF NOT EXISTS `passage` (
  `id` int(11) NOT NULL,
  `content` mediumtext CHARACTER SET utf8 NOT NULL,
  `test_id` varchar(2) NOT NULL,
  PRIMARY KEY (`id`),
  KEY `test_id` (`test_id`),
  KEY `test_id_2` (`test_id`)
) ENGINE=InnoDB DEFAULT CHARSET=latin1;

--
-- Dumping data for table `passage`
--

INSERT INTO `passage` (`id`, `content`, `test_id`) VALUES
(6, 'કલકાતા બા કોલકાતા , (પૂર્બનામ: કલિકાતા), ભારતેર પૂર્બાઞ્ચલીય઼ રાજ્ય પશ્ચિમબઙ્ગેર રાજધાની, પ્રધાન બાણિજ્યકેન્દ્ર એબં બૃહત્તમ શહર। હુગલી નદીર પૂર્બ તીરે અબસ્થિત એઇ શહરેર પૌરએલાકાર જનસંખ્યા ૫૦ લક્ષેર કિછુ બેશિ। તબે કલકાતા ઓ તાર પાર્શ્બબર્તી જેલાગુલિર અંશબિશેષ નિય઼ે ગઠિત બૃહત્તર કલકાતાર જનસંખ્યા ૧ કોટિ ૪૦ લક્ષેર કાછાકાછિ। એઇ જનસંખ્યાર બિચારે કલકાતા ભારતેર તૃતીય઼ બૃહત્તમ શહર ઓ દ્બિતીય઼ બૃહત્તમ મેટ્રોપલિટાન બા મહાનગરીય઼ અઞ્ચલ એબં બિશ્બેર અષ્ટમ બૃહત્તમ મહાનગર અઞ્ચલ। કલકાતા પૌરએલાકાર ઉત્તર દિકે ઉત્તર ચબ્બિશ પરગના, પૂર્બે ઉત્તર ઓ દક્ષિણ ચબ્બિશ પરગના એબં દક્ષિણ દિકે દક્ષિણ ચબ્બિશ પરગના જેલા અબસ્થિત। પશ્ચિમ દિકે હુગલિ નદી એઇ શહરકે હાઓડ઼ા જેલા થેકે બિચ્છિન્ન કરેછે।\r\nકલકાતાર જલબાય઼ુ "ક્રાન્તીય઼ સાભાના" પ્રકૃતિર ("કોપેન જલબાય઼ુ શ્રેણિબિભાગ" અનુસારે )। બાર્ષિક સર્બનિમ્ન તાપમાત્રા ૨૬.૮° સેન્ટિગ્રેડ એબં માસિક સર્બનિમ્ન તાપમાત્રા ૧૯°-૩૦° સેન્ટિગ્રેડેર મધ્યે થાકે। એખાને ગ્રીષ્મકાલ ઉષ્ણ ઓ આર્દ્ર। એઇ સમય઼ સર્બનિમ્ન ગડ઼ તાપમાત્રા ૩૦° સેન્ટિગ્રેડેર કાછાકાછિ થાકલેઓ મે-જુન માસે સર્બોચ્ચ ગડ઼ તાપમાત્રા પ્રાય઼શઇ ૪૦° સેન્ટિગ્રેડ છાડ઼િય઼ે યાય઼। શીતકાલ સાધારણત માત્ર આડ઼ાઇ માસ સ્થાય઼ી હય઼। ડિસેમ્બર-જાનુય઼ારિ માસે સર્બનિમ્ન ગડ઼ તાપમાત્રા ૯°-૧૧° સેન્ટિગ્રેડેર કાછાકાછિ થાકે। શહરેર સર્બોચ્ચ ઓ સર્બનિમ્ન તાપમાત્રાર રેકર્ડ યથાક્રમે ૪૩.૯° સેન્ટિગ્રેડ ઓ ૩.૨° સેન્ટિગ્રેડ। સાધારણભાબે મે માસ શહરેર ઉષ્ણતમ માસ। એઇ સમય઼ શહરેર સર્બોચ્ચ ઓ સર્બનિમ્ન ગડ઼ તાપમાત્રા થાકે યથાક્રમે ૩૭° સેન્ટિગ્રેડ ઓ ૨૭° સેન્ટિગ્રેડ। અન્યદિકે જાનુય઼ારિ શીતલતમ માસ। જાનુય઼ારિર સર્બોચ્ચ ઓ સર્બનિમ્ન ગડ઼ તાપમાત્રા યથાક્રમે ૨૩° સેન્ટિગ્રેડ ઓ ૧૨° સેન્ટિગ્રેડ। ગ્રીષ્મેર શુરુતે પ્રાય઼શઇ શિલાબૃષ્ટિ, ઝડ઼ ઓ બજ્રબિદ્યુ સહ બૃષ્ટિપાત હય઼ે થાકે। એઇ ધરનેર ઝડ઼બૃષ્ટિ પ્રકૃતિગતભાબે પરિચલન। એર સ્થાનીય઼ નામ કાલબૈશાખી।\r\nદક્ષિણ-પૂર્બ મૌસુમિ બાય઼ુર બઙ્ગોપસાગરીય઼ શાખાટિ શહરે બૃષ્ટિપાત ઘટાનોર જન્ય દાય઼ી। બર્ષાકાલ સાધારણત સ્થાય઼ી હય઼ જુન થેકે સેપ્ટેમ્બર માસ પર્યન્ત। શહરેર બાર્ષિક ૧૫૮૨ મિલિમિટાર બૃષ્ટિપાતેર અધિકાંશઇ એઇ સમય઼ે ઘટે થાકે। અગસ્ટ માસે બૃષ્ટિપાતેર પરિમાણ સર્બોચ્ચ થાકે। એઇ સમય઼ ગડ઼ે ૩૦૬ મિલિમિટાર બૃષ્ટિપાત હય઼। કલકાતા બાર્ષિક ૨,૫૨૮ ઘણ્ટાર સૂર્યાલોક પેય઼ે થાકે। અધિકાંશ સૂર્યાલોક પ્રાપ્તિર સમય઼ માર્ચ માસ। દૂષણ કલકાતાર અન્યતમ પ્રધાન સમસ્યા। ભારતેર અન્યાન્ય પ્રધાન શહરેર તુલનાય઼ કલકાતાર સાસપેન્ડેડ પાર્ટિકુલેટ મ્યાટાર] બા એસપિએમ-એર હાર એતટાઇ બેશિ યે એર ફલે પ્રાય઼શઇ ધોઁય઼ા ઓ કુય઼ાશા સૃષ્ટિ હય઼। મારાત્મક બાય઼ુદૂષણેર ફલે શહરે ફુસફુસેર ક્યાન્સાર સહ દૂષણસૃષ્ટ અસુખબિસુખ બૃદ્ધિ પેય઼ેછે।\r\nકલકાતા શહરેર સાંગીતિક ઐતિહ્ય સુપ્રાચીન। અષ્ટાદશ શતાબ્દીર શેષાર્ધ થેકેઇ બાંલાર બિભિન્ન પ્રાન્ત એમનકિ બહિર્બઙ્ગ થેકેઓ બહુ બિશિષ્ટ સંગીતસ્રષ્ટા ઓ ગાય઼ક કલકાતાય઼ એસે બસતિ સ્થાપન કરેન। એર ફલે અષ્ટાદશ-ઊનબિંશ શતાબ્દીતે બાંલા ગાને એકટિ બિશેષ કલકાતા-કેન્દ્રિક ધારાર સૃષ્ટિ હય઼, યા અધુના "પુરાતની" નામે પરિચિત। એઇ સમય઼કાર સર્બાપેક્ષા જનપ્રિય઼ એબં ઉલ્લેખયોગ્ય સંગીતસ્રષ્ટા-ગાય઼ક હલેન બાંલા ટપ્પાસંગીતેર જનક રામનિધિ ગુપ્ત (નિધુબાબુ); તાઁર રચિત ટપ્પાગાન આજઓ જનપ્રિય઼। નિધુબાબુઇ બાંલાય઼ પ્રથમ દેશાત્મબોધક ગાન "નાનાન દેશે નાનાન ભાષા, બિને સ્બદેશીય઼ ભાષા મિટે કિ આશા"-ર રચય઼િતા। સેયુગેર અન્યાન્ય બિશિષ્ટ સંગીતસ્રષ્ટા-ગાય઼કેરા હલેન રામ બસુ, હરુ ઠાકુર, ગોપાલ ઉડ઼ે, રૂપચાઁદ પક્ષી, શ્રીધર કથક પ્રમુખ। ઊનબિંશ શતાબ્દીર શેષભાગે બાંલા ગાને જોડ઼ાસાઁકો ઠાકુરબાડ઼િ ઓ બ્રહ્મસંગીતેર અબદાનઓ અનસ્બીકાર્ય। કલકાતાર જનસમાજે કબિગાન, તરજા, આખડ઼ાઇ-હાફ આખડ઼ાઇ, ટપ્પા પ્રભૃતિ ગાનેર બિશેષ જનપ્રિય઼તા છિલ।\r\n\r\n\r\nજોડ઼ાસાઁકો ઠાકુરબાડ઼િ, બાંલા સાહિત્યે ઓ ગાને એઇ બાડ઼િર સદસ્યદેર અબદાન બિશેષભાબે ઉલ્લેખયોગ્ય।\r\nબિંશ શતાબ્દીર પ્રથમાર્ધે કલકાતાય઼ રબીન્દ્રનાથ ઠાકુર, દ્બિજેન્દ્રલાલ રાય઼, અતુલપ્રસાદ સેન, રજનીકાન્ત સેન ઓ કાજી નજરુલ ઇસલામ રચિત ગાનેર ચર્ચા શુરુ હય઼। રબીન્દ્રસંગીત ચર્ચા ઓ શિક્ષાર ક્ષેત્રે કલકાતા એક બિશિષ્ટ સ્થાનેર અધિકારી। એઇ શહરેર રબીન્દ્રભારતી બિશ્બબિદ્યાલય઼ એબં "ગીતબિતાન", "રબિતીર્થ", "દક્ષિણી" પ્રભૃતિ રબીન્દ્રસંગીત શિક્ષાય઼તન બિશેષ ખ્યાતિસમ્પન્ન। કલકાતા-કેન્દ્રિક ઉલ્લેખયોગ્ય રબીન્દ્રસંગીત શિલ્પીરા હલેન પઙ્કજકુમાર મલ્લિક, કુન્દનલાલ સાય઼ગલ, દેબબ્રત બિશ્બાસ, કણિકા બન્દ્યોપાધ્યાય઼, સુચિત્રા મિત્ર, સાગર સેન, ચિન્મય઼ ચટ્ટોપાધ્યાય઼, સુમિત્રા સેન પ્રમુખ; એબં એકાલેર બિશિષ્ટ શિલ્પીદેર મધ્યે પ્રમિતા મલ્લિક, સ્બાગતાલક્ષ્મી દાશગુપ્ત, શ્રાબણી સેન, ઇન્દ્રાણી સેન, શ્રીકાન્ત આચાર્યેર નામ બિશેષભાબે ઉલ્લેખયોગ્ય। નજરુલગીતિર ક્ષેત્રે બિશેષ જનપ્રિય઼તા અર્જન કરેછિલેન માનબેન્દ્ર મુખોપાધ્યાય઼, ધીરેન બસુ, અઞ્જલિ મુખોપાધ્યાય઼ પ્રમુખ શિલ્પીરા। દ્બિજેન્દ્રગીતિ-અતુલપ્રસાદી-રજનીકાન્તેર ગાને ઉલ્લેખયોગ્ય શિલ્પીરા હલેન કૃષ્ણા ચટ્ટોપાધ્યાય઼, મઞ્જુ ગુપ્ત, શર્બાણી સેન, નૂપુરછન્દા ઘોષ પ્રમુખ।બિંશ શતાબ્દીર શેષ પર્બે કલકાતા-કેન્દ્રિક ગીતિકાર-સુરકાર ઓ ગાય઼ક-ગાય઼િકારા બાંલા આધુનિક ગાને બિશેષ અબદાન રેખેછિલેન। એઇ સમય઼કાર બિશિષ્ટ ગીતિકાર-સુરકારેરા હલેન સલિલ ચૌધુરી, હિમાંશુ દત્ત, ગૌરીપ્રસન્ન મજુમદાર, નચિકેતા ઘોષ, મોહિની ચૌધુરી, પુલક બન્દ્યોપાધ્યાય઼, કમલ દાશગુપ્ત પ્રમુખ। જનપ્રિય઼ કણ્ઠશિલ્પીદેર મધ્યે ઉલ્લેખયોગ્ય કૃષ્ણચન્દ્ર દે, હેમન્ત મુખોપાધ્યાય઼, શચીન દેબબર્મણ, સન્ધ્યા મુખોપાધ્યાય઼, શ્યામલ મિત્ર, માન્ના દે, કિશોરકુમાર, માનબેન્દ્ર મુખોપાધ્યાય઼ પ્રમુખ।\r\n\r\nકલકાતાર બાઙાલિદેર પ્રધાન ખાદ્ય ભાત ઓ માછેર ઝોલ। એર સઙ્ગે રસગોલ્લા ઓ સન્દેશ નામે દુઇ ધરનેર મિષ્ટિ ઓ મિષ્ટિ દઇ બાઙાલિરા બિશેષ પછન્દ કરે। ચિંડ઼િ ઓ સામુદ્રિક માછ ઇલિશદિય઼ે રાન્ના કરા બિભિન્ન રકમ પદઓ બાઙાલિદેર મધ્યે બિશેષ જનપ્રિય઼। પથખાદ્યેર મધ્યે બેગુનિ, રોલ (ચિકેન, માટન, એગ બા સબજિ), ફુચકા બિશેષ જનપ્રિય઼। ચાય઼નાટાઉનેર ચીના ખાબારઓ બેશ જનપ્રિય઼। કલકાતાર અધિબાસીદેર મધ્યે મિષ્ટિ ખાબાર ચલ બેશિ। બિશેષત સામાજિક ઓ ધર્મીય઼ ઉસબ-અનુષ્ઠાને મિષ્ટિર બિશેષ ચાહિદા દેખા યાય઼।\r\n', 'gu'),
(7, 'ચર્યાપદ બાંલા ભાષાર પ્રાચીનતમ કાબ્ય તથા સાહિત્ય નિદર્શન। નબ્ય ભારતીય઼ આર્યભાષારઓ પ્રાચીનતમ રચના એટિ। ખ્રિસ્ટીય઼ દશમ થેકે દ્બાદશ શતાબ્દીર મધ્યબર્તી સમય઼ે રચિત એઇ ગીતિપદાબલિર રચય઼િતારા છિલેન સહજિય઼ા બૌદ્ધ સિદ્ધાચાર્યગણ। બૌદ્ધ ધર્મેર ગૂઢ઼ અર્થ સાંકેતિક રૂપેર આશ્રય઼ે બ્યાખ્યાર ઉદ્દેશ્યેઇ તાઁરા પદગુલિ રચના કરેછિલેન। બાંલા સાધન સંગીતેર શાખાટિર સૂત્રપાતઓ એઇ ચર્યાપદ થેકેઇ હય઼। એઇ બિબેચનાય઼ એટિ ધર્મગ્રન્થજાતીય઼ રચના। એકઇ સઙ્ગે સમકાલીન બાંલાર સામાજિક ઓ પ્રાકૃતિક ચિત્રાબલિ એઇ પદગુલિતે ઉજ્જ્બલ। એર સાહિત્યગુણ આજઓ ચિત્તાકર્ષક।[ક] ૧૯૦૭ ખ્રિસ્ટાબ્દે મહામહોપાધ્યાય઼ હરપ્રસાદ શાસ્ત્રી, નેપાલેર રાજદરબારેર ગ્રન્થશાલા થેકે ચર્યાર એકટિ ખણ્ડિત પુઁથિ ઉદ્ધાર કરેન। પરબર્તીતે આચાર્ય સુનીતિકુમાર ચટ્ટોપાધ્યાય઼ ભાષાતાત્ત્બિક બિશ્લેષણેર માધ્યમે ચર્યાપદેર સઙ્ગે બાંલા ભાષાર અનસ્બીકાર્ય યોગસૂત્ર બૈજ્ઞાનિક યુક્તિસહ પ્રતિષ્ઠિત કરેન। ચર્યાર પ્રધાન કબિગણ હલેન લુઇપાદ, કાહ્નપાદ, ભુસુકુપાદ,શબરપાદ પ્રમુખ। બાંલાય઼ મુસલમાન આધિપત્ય પ્રતિષ્ઠિત હબાર આગે બ્રાહ્મણ્ય હિન્દુસમાજેર પીડ઼ને એબં મુસલમાન શાસને ધર્મચ્યુત હબાર આશંકાય઼ બાંલાર બૌદ્ધગણ તાઁદેર ધર્મીય઼ પુઁથિપત્ર નિય઼ે શિષ્યદેરકે સઙ્ગી કરે નેપાલ, ભુટાન ઓ તિબ્બતે પલાય઼ન કરેછિલેન– એઇ ધારણાર બશબર્તી હય઼ે હરપ્રસાદ શાસ્ત્રી ચારબાર નેપાલ પરિભ્રમણ કરેન। ૧૯૦૭ ખ્રિસ્ટાબ્દે તૃતીય઼બાર નેપાલ ભ્રમણકાલે ચર્યાચર્યબિનિશ્ચય઼નામક એકટિ પુઁથિ નેપાલ રાજદરબારેર અભિલિપિશાલાય઼ આબિષ્કાર કરેન। ચર્યાચર્યબિનિશ્ચય઼, સરહપાદેર દોહા એબં અદ્બય઼ બજ્રેર સંસ્કૃત સહજામ્નાય઼ પઞ્જિકા, કૃષ્ણાચાર્ય બા કાહ્નપાદેર દોહા, આચાર્યપાદેર સંસ્કૃત મેખલા નામક ટીકા ઓ આગેઇ આબિષ્કૃત ડાકાર્ણબ પુઁથિ એકત્રે ૧૯૧૬ ખ્રિસ્ટાબ્દે (શ્રાબણ, ૧૩૨૩ બઙ્ગાબ્દ) બઙ્ગીય઼ સાહિત્ય પરિષદ થેકે હાજાર બછરેર પુરાણ બાઙ્ગાલા બૌદ્ધગાન ઓ દોઁહા શિરોનામે સમ્પાદકીય઼ ભૂમિકાસહ પ્રકાશ કરેન હરપ્રસાદ શાસ્ત્રી। હરપ્રસાદ શાસ્ત્રી મોટ ૪૬ટિ પૂર્ણાઙ્ગ ઓ એકટિ ખણ્ડિત પદ પેય઼ેછિલેન। પુઁથિટિર મધ્યે કય઼ેકટિ પાતા છેઁડ઼ા છિલ।પ્રબોધચન્દ્ર બાગચી ચર્યાર યે તિબ્બતિ અનુબાદ સંગ્રહ કરેન તાતે આરઓ ચારટિ પદેર અનુબાદસહ ઓઇ ખણ્ડપદટિર અનુબાદઓ પાઓય઼ા યાય઼। મૂલ પુઁથિર પદેર સંખ્યા છિલ ૫૧। મૂલ તિબ્બતિ અનુબાદેર ભિત્તિતે સિદ્ધાન્ત હય઼ેછે યે, મૂલ પુઁથિર નામ ચર્યાગીતિકોષ એબં એતે ૧૦૦ટિ પદ છિલ। હરપ્રસાદ શાસ્ત્રી આબિષ્કૃત પુઁથિટિ ચર્યાગીતિકોષ થેકે નિર્બાચિત પુઁથિસમૂહેર સમૂલ ટીકાભાષ્ય। ચર્યાર સમય઼કાલ નિય઼ેઓ ગબેષકમહલે મતબિરોધ આછે। સુનીતિકુમાર ચટ્ટોપાધ્યાય઼ ઓ પ્રબોધચન્દ્ર બાગચીર મતે ચર્યાર પદગુલિ ખ્રિસ્ટીય઼ દશમ થેકે દ્બાદશ શતાબ્દીર મધ્યબર્તી સમય઼ે રચિત। કિન્તુ ડક્ટર મુહમ્મદ શહીદુલ્લાહ ઓ રાહુલ સાંકૃત્યાય઼ન એઇ સમય઼કાલકે આરઓ ૨૦૦ બછર પિછિય઼ે દિય઼ે ચર્યાર રચનાકાલ ખ્રિસ્ટીય઼ અષ્ટમ થેકે દ્બાદશ શતાબ્દી બલે મતપ્રકાશ કરેછેન। હરપ્રસાદ શાસ્ત્રીર મતે અતીશ દીપઙ્કર શ્રીજ્ઞાન (૯૮૦ – ૧૦૫૩ ખ્રિસ્ટાબ્દ) તિબ્બત યાત્રાર પૂર્બે (૧૦૩૦ ખ્રિસ્ટાબ્દ) લુઇપાદેર અભિસમય઼બિહઙ્ગ રચનાય઼ સાહાય્ય કરેછિલેન। એકથા સત્ય હલે લુઇપાદ દશમ શતાબ્દીર શેષભાગે બર્તમાન થાકબેન। અપરદિકે તિબ્બતિ કિંબદન્તી અનુસારે તિનિઇ સિદ્ધાચાર્યદેર આદિગુરુ; અર્થા, ચર્યાર સમય઼કાલઓ દશમ શતાબ્દીર પૂર્બે હતે પારે ના। અન્યદિકે કેમબ્રિજ બિશ્બબિદ્યાલય઼ેર ગ્રન્થાગારે હેબજ્રપઞ્જિકાયોગરત્નમાલા નામે એક બૌદ્ધતાન્ત્રિક પુઁથિર સન્ધાન મેલે, યેટિર રચનાકાલ શેષ પાલરાજા ગોબિન્દપાલેર (૧૧૫૫ ખ્રિસ્ટાબ્દ) શાસનકાલ। બિશેષજ્ઞદેર મતે એઇ પુઁથિર રચય઼િતા શ્રીકૃષ્ણાચાર્યઇ પ્રકૃતપક્ષે ચર્યાર કાહ્નપાદ બા ચર્યા-ટીકાર કૃષ્ણાચાર્ય। નાથ સાહિત્ય અનુયાય઼ી કાહ્નપાદેર ગુરુ જાલન્ધરિપાદ બા હાડ઼િપા, યિનિ ગોરક્ષનાથેર શિષ્ય છિલેન। આબાર મારાઠિ ગ્રન્થ જ્ઞાનેશ્બરી (રચનાકાલ આનુમાનિક ૧૨૯૦ ખ્રિસ્ટાબ્દ) થેકે જાના યાય઼ ઉક્ત ગ્રન્થેર રચય઼િતા જ્ઞાનદેબ દીક્ષાલાભ કરેન નિબૃત્તિનાથેર કાછ થેકે, યિનિ ગોરક્ષનાથેર શિષ્ય ગેઇનીનાથ બા ગોય઼નીનાથેર થેકે દીક્ષાપ્રાપ્ત। સેઇ હિસાબેઓ કાહ્નપાદકે દ્બાદશ શતાબ્દીર માનુષ બલે મને હય઼। એઇસબ તથ્યપ્રમાણેર ભિત્તિતે ચર્યાર પદગુલિ ખ્રિસ્ટીય઼ દશમ થેકે દ્બાદશ શતાબ્દીર મધ્યબર્તી સમય઼ે રચિત બલેઇ અનુમિત હય઼। તબે તાર પરેઓ દુ-તિનશો બછર ધરે ગોપને ચર્યાગીતિ રચિત હય઼ેછિલ। શશિભૂષણ દાશગુપ્ત નેપાલ ઓ તરાઇ અઞ્ચલ થેકે એઇ ધરણેર શતાધિક પદ ઉદ્ધાર કરેછેન। ૧૯૮૯ ખ્રિસ્ટાબ્દે એગુલિ કલકાતા બિશ્બબિદ્યાલય઼ થેકે અસિતકુમાર બન્દ્યોપાધ્યાય઼ેર સમ્પાદનાય઼ નબ ચર્યાપદ નામે સંકલિત ઓ પ્રકાશિત હય઼। ચર્યાપદેર ભાષા બાંલા કિ-ના સે બિષય઼ે બિતર્કેર સૃષ્ટિ હય઼ેછિલ પરબર્તીતે યાર અબસાન હય઼ેછે। એટિ સૃજ્યમાન બાંલા ભાષાર એકટિ ગુરુત્બપૂર્ણ નિદર્શન। ચર્યાપદેર રચય઼િતા બૌદ્ધ સિદ્ધાચાર્યગણ સંસ્કૃતે પારદર્શી હલેઓ તાઁરા તકાલીન અપરિણત બાંલાતેઇ પદગુલિ રચના કરેછિલેન। ચર્યાપદેર ભાષા બાંલા ભાષાર અદ્યાબધિ આબિષ્કૃત આદિતમ રૂપ। હિન્દિ, ઓડ઼િય઼ા બા મૈથિલિ બિદ્બજ્જનેરા એઇ ભાષાય઼ નિજેદેર પૂર્બસૂરિત્બેર સન્ધાન કરલેઓ ભાષાબૈજ્ઞાનિક અનુસન્ધાનેર ફલ બાંલા ભાષારઇ અનુકૂલ। એઇ ભાષા સમ્પ્રદાય઼બિશેષેર સાધન-સઙ્ગીતેર ભાષા બિધાય઼ અસ્પષ્ટ ઓ દુર્બોધ્ય; યદિઓ એતે ઉલ્લિખિત છન્દ ઓ રાગ-રાગિની પરબર્તીકાલેર બાઙાલિ કબિદેર પથનિર્દેશિકારૂપે કાજ કરે। ચર્યા પદસંગ્રહ પ્રકાશિત હબાર પર ચર્યાર ભાષા નિય઼ે યેમન પ્રચુર ગબેષણા હય઼ેછે, તેમનિ ભારતેર અન્યાન્ય અઞ્ચલેર બિદ્બજ્જનેરા એઇ ભાષાર ઉપર નિજ નિજ માતૃભાષાર અધિકાર દાબિ કરે બિતર્ક સૃષ્ટિ કરેછેન। હરપ્રસાદ શાસ્ત્રી તાઁર સમ્પાદિત હાજાર બછરેર પુરાણ બાઙ્ગાલા બૌદ્ધ ગાન ઓ દોહા ગ્રન્થેર ભૂમિકાય઼ ચર્યાચર્યબિનિશ્ચય઼, સરહપાદ ઓ કૃષ્ણાચાર્યેર દોહા એબં ડાકાર્ણબ-કે સમ્પૂર્ણ પ્રાચીન બાંલાર નિદર્શન બલે દાબિ કરેછેન। શ્રીકૃષ્ણકીર્તન કાબ્યેર આબિષ્કર્તા ઓ સમ્પાદક બસન્તરઞ્જન રાય઼ બિદ્બદ્બલ્લભઓ તાઁર દાબિકે સમર્થન કરેન। ૧૯૨૦ ખ્રિસ્ટાબ્દે બિજય઼ચન્દ્ર મજુમદાર તાઁદેર દાબિ અસ્બીકાર કરે ચર્યા ઓ અન્યાન્ય કબિતાગુલિર સઙ્ગે બાંલા ભાષાર સમ્બન્ધેર દાબિ નસ્યા કરાર ચેષ્ટા કરેન। કિન્તુ૧૯૨૬ ખ્રિસ્ટાબ્દે ડક્ટર સુનીતિકુમાર ચટ્ટોપાધ્યાય઼ તાઁર The Origin and Development of the Bengali Language ગ્રન્થે ચર્યાગાન ઓ દોહાગુલિર ધ્બનિતત્ત્બ, બ્યાકરણ ઓ છન્દ બિશ્લેષણ કરે શુધુમાત્ર એઇગુલિકેઇ પ્રાચીન બાંલાર નિદર્શન હિસાબે ગ્રહણ કરેન। ૧૯૨૭ ખ્રિસ્ટાબ્દે ડક્ટર મુહમ્મદ શહીદુલ્લાહ પ્યારિસ થેકે પ્રકાશિત Les Chants Mystique de Saraha et de Kanha ગ્રન્થે સુનીતિકુમારેર મત ગ્રહણ કરેન। યેસકલ ભાષાતાત્ત્બિક બૈશિષ્ટ્ય ચર્યાર સઙ્ગે બાંલાર સમ્પર્કકે પ્રમાણ કરે સેગુલિ હલો •	સમ્બન્ધ પદે –અર બિભક્તિ, સમ્પ્રદાને –કે, સમ્પ્રદાનબાચક અનુસર્ગ –અન્તરે (મધ્યયુગીય઼ ઓ આધુનિક રૂપ –તરે), અધિકરણે –અન્ત, -ત, અધિકરણબાચક અનુસર્ગ –માઝે, અતીત ક્રિય઼ાય઼ –ઇલ એબં ભબિષ્યત ક્રિય઼ાય઼ -ઇબ। ચર્યા મૈથિલી બા પૂરબીય઼ા હિન્દિતે રચિત હલે અતીત ક્રિય઼ાય઼ –અલ ઓ ભબિષ્યતે –અબ યુક્ત હત। •	ગુનિય઼ા, લેહઁ, દિલ, ભણિઆઁ, સડ઼િ, પડ઼િઆઁ, ઉઠિ ગેલ, આખિ બુજિઅ, ધરણ ન જાઅ, કહન ના જાઇ, પાર કરેઇ, નિદ ગેલા, આપના માંસે હરિણા બૈરી, હાડ઼ીત ભાત નાહિ ઇત્યાદિ બાગભઙ્ગિમા ઓ શબ્દયોજના બાંલા ભાષાય઼ પરબર્તીકાલેઓ સુલભ। એર સઙ્ગે અબશ્ય તસુ, જૈસન, જિસ, કાઁહિ, પુછમિ પ્રભૃતિ પશ્ચિમા અપભ્રંશેર શબ્દઓ આછે। તબે સેગુલિ મૂલત કૃતઋણ શબ્દ હિસાબેઇ ચર્યાય઼ બ્યબહૃત હય઼ેછે। •	એછાડ઼ા સમ્પ્રદાને –ક એબં –સાથ, -લાગ, -લગ-એર બદલે સઙ્ગે, સમ અનુસર્ગેર બ્યબહાર એબં નાસિક્યધ્બનિર બાહુલ્યેર જન્ય ચર્યાર ભાષાકે રાઢ઼ અઞ્ચલેર ભાષા બલે મને કરા હય઼। અસિતકુમાર બન્દ્યોપાધ્યાય઼ મન્તબ્ય કરેછેન, “ચર્યાર આચાર્યેરા કામરૂપ, સોમપુરી, બિક્રમપુર – યેખાન થેકેઇ આસુન ના કેન, આશ્ચર્યેર બિષય઼, એઁરા સકલેઇ રાઢ઼ અઞ્ચલેર ભાષાનીતિ ગ્રહણ કરેછિલેન।” રાહુલ સાંકૃત્યાય઼ન બા અન્યાન્ય ભાષાર બિદ્બજ્જનેરા યાઁરા ચર્યાકે નિજ નિજ ભાષાર પ્રાચીન નિદર્શન બલે દાબિ કરેછિલેન, તાઁરા એઇ રકમ સુસ્પષ્ટ ઓ સુસંહત બૈજ્ઞાનિક પ્રમાણેર દ્બારા નિજેદેર દાબિ પ્રતિષ્ઠિત કરતે સક્ષમ હનનિ। ચર્યાપદેર ભાષા અસ્પષ્ટ ઓ દુર્બોધ્ય। સેઇ કારણે ચર્યાય઼ બ્યબહૃત ભાષાકે હરપ્રસાદ શાસ્ત્રી બલેછેન સન્ધ્યાભાષા। તાઁર મતે, “	સહજિય઼ા ધર્મેર સકલ બઇ-ઇ સન્ધ્યા ભાષાય઼ લેખા। સન્ધ્યા ભાષાર માને આલો-આઁધારિ ભાષા, કતક આલો, કતક અન્ધકાર, ખાનિક બુઝા યાય઼, ખાનિકટા બુઝા યાય઼ ના। અર્થા, એઇ સકલ ઉઁચુ અઙ્ગેર ધર્મકથાર ભિતરે એકટા અન્ય ભાબેર કથાઓ આછે। સેટા ખુલિય઼ા બ્યાખ્યા કરિબાર નય઼। યાઁહારા સાધનભજન કરેન તાઁહારાઇ સે કથા બુઝિબેન, આમાદેર બુઝિય઼ા કાજ નાઇ।	” બજ્રયાની ઓ સહજયાની ગ્રન્થકારગણ પ્રાય઼શ ‘સન્ધ્યાભાષય઼ા બોદ્ધબ્યમ્’ બલે એક રહસ્યેર ઇઙ્ગિત દિતેન। બજ્રયાની ગ્રન્થગુલિતે ‘સન્ધ્યાભાષા’ શબ્દટિ બહુલ-બ્યબહૃત। તિબ્બતિ ભાષાય઼ ‘સન્ધ્યાભાષા’ર અર્થ ‘પ્રહેલિકાચ્છલે ઉક્ત દુરુહ તત્ત્બેર બ્યાખ્યા’। યદિઓ મહામહોપાધ્યાય઼ બિધુશેખર શાસ્ત્રી ઓ ડક્ટર પ્રબોધચન્દ્ર બાગચી ‘સન્ધ્યા’ર બદલે સન્-ધા ધાતુ થેકે નિષ્પન્ન ‘સન્ધા’ શબ્દટિ બ્યબહારેર પક્ષપાતી। તાઁદેર મતે, ‘સન્ધ્યા’ લિપિકરદેર પ્રમાદ। ‘સન્ધા’ શબ્દેર અર્થ ‘અભિપ્રેત, ઉદ્દિષ્ટ, આભિપ્રાય઼િક બચન’।મ્યાક્સમુલાર ‘સન્ધા’ર અર્થ કરેછેન ‘પ્રચ્છન્ન ઉક્તિ’। ચર્યાર ધર્મીય઼ પ્રસઙ્ગેર સઙ્ગે ‘સન્ધા’ એ-દિક દિય઼ે યુક્તિગ્રાહ્ય હલેઓ, યેહેતુ અધિકાંશ પુઁથિતેઇ ‘સન્ધ્યા’ શબ્દટિ રય઼ેછે સેઇ કારણે હરપ્રસાદેર અર્થેઇ આધુનિક ગબેષકગણ એઇ શબ્દટિ ગ્રહણ કરેછેન।  ચર્યાપદેર ગુપ્ત ભાષાર બૌદ્ધ - તાન્ત્રિક બ્યાખ્યાર ચેષ્ટા કરા હય઼ેછે।', 'gu');
INSERT INTO `passage` (`id`, `content`, `test_id`) VALUES
(8, 'લર્ડ કાર્જન પર પર દુબાર ભારત સામ્રાજ્યેર અધિકર્તા છિલેન। તાઁર પ્રથમ બારેર શાસનકાલકે (૧૮૯૯-૧૯૦૪) ભારતે બ્રિટિશ સામ્રાજ્યેર સ્બર્ણયુગ બલા યાય઼। ગૌરબેર મધ્ય દિય઼ેઇ એ શાસનકાલેર સમાપ્તિ ઘટે। દ્બિતીય઼ બારે ભારતેર શાસનભાર ગ્રહણ કરે માત્ર એકબછરેર માથાય઼ તિનિ પદત્યાગ કરેન। તાઁર ગૃહીત બ્યબસ્થાદિ નિય઼ે સૃષ્ટ ચરમ બિતર્ક છિલ એ પદત્યાગેર કારણ। રક્ષણશીલ સરકારેર પ્રતિનિધિ હિસેબે બ્રિટિશ સામ્રાજ્યેર એકજન દક્ષ સદાશય઼ શાસકેર ભૂમિકા પાલન કરબેન એટિઇ છિલ તાઁર કાછે તાઁર સરકારેર પ્રત્યાશા। બા™Âી, કુશલી, પ્રાણબન્ત કાર્જન ઇતોપૂર્બે ચારબાર ભારત ભ્રમણ કરેછિલેન એબં તિન બછર છિલેન બિદેશ દપ્તરેર આન્ડાર સેક્રેટારિ। કાજેઇ તિનિ ભારત બિષય઼ે અજ્ઞ છિલેન એ કથા આદૌ બલા યાય઼ ના। તાઁર પૂર્બસૂરિ ઓય઼ેલેસલી એબં ડાલહૌસી-ર બેલાય઼ યેમનટિ કરા હય઼ેછિલ, તાઁર બેલાતે કિન્તુ તેમન સામ્રાજ્ય સ્થાપનેર પ્રત્યાશા તાઁર કાછે બ્રિટિશ પાર્લામેન્ટ કરે નિ; કારણ અસ્થિતિશીલ અબસ્થાય઼ હલેઓ સામ્રાજ્ય તખન બિદ્યમાન છિલ। સે સામ્રાજ્યકે તિનિ શક્ત ભિતેર ઉપર દઁાડ઼ કરાબેન, એટિઇ છિલ તાઁર કાછે બ્રિટિશ સરકારેર પ્રત્યાશા। સીમાન્ત નીતિ કાર્જનેર ગૃહીત પ્રથમ પદક્ષેપ છિલ ચિત્રલ, ખાઇબાર ઓ ખુર્‌રમ ઉપત્યકા થેકે સૈન્ય પ્રત્યાહાર। કારણ, એગુલિ સરાસરિ બ્રિટિશ શાસિત છિલ ના। પ્રય઼ોજને બ્રિટિશ સાહાય્ય નિય઼ે ઉક્ત અઞ્ચલેર ઉપજાતીય઼રા નિજેદેરકે રક્ષા કરબે-એટિઇ છિલ લર્ડ કાર્જનેર નીતિ। પ્રથમ બિશ્બયુદ્ધેર શેષ પર્યન્ત એ નીતિર ગુણેઇ સીમાન્ત અઞ્ચલ શાન્ત છિલ। એ નીતિર સમ્પૂરક હિસેબેઇ ઉત્તર-પશ્ચિમ સીમાન્ત પ્રદેશ સૃષ્ટિ કરા હય઼। અભ્યન્તરીણ પ્રશાસન ગ્રામ પર્યાય઼ે કર-આદાય઼ બ્યબસ્થાર મૂલ્યાય઼ન થેકે શુરુ કરે ભાઇસરય઼-એર ગૃહસ્થાલિર ખરચ પર્યન્ત એમન કોન બિષય઼ છિલ ના યા લર્ડ કાર્જન બ્યક્તિગતભાબે ખેઁાજ-ખબર કરતેન ના। સમગ્ર આમલા યન્ત્રટિકે તિનિ ઢેલે સાજાબાર બ્યબસ્થા કરેછિલેન। સંસ્કારેર પટભૂમિ હિસેબે તિનિ એક એક કરે પ્રતિટિ બિભાગેર દોષત્ર‚ટિ ચિહ્નિત કરેન। અફિસ-હાજિરાય઼ નિય઼મિત બિલમ્બ, ફાઇલેર શ્લથગતિ, ફાઇલે અહેતુક દીર્ઘ મન્તબ્ય, બાગાડ઼મ્બરપૂર્ણ કાર્ય બિબરણી, એક ટેબિલ થેકે આરેક ટેબિલે ફાઇલેર અન્તહીન ઓ ઉદ્દેશ્યહીન ચલાચલ, ગબાધા બસ્તુકે આદર્શ હિસેબે ગ્રહણ, તુચ્છ બિષય઼ે અધસ્તનેર ઉપર નિર્ભરતા ઇત્યાદિ લર્ડ કાર્જનકે પીડ઼િત કરત। તિનિ બ્યક્તિગતભાબે દાપ્તરિક ઉન્નય઼નેર જન્ય ગૃહીત બ્યબસ્થાદિર તદારકિ કરતેન। એમનકિ તિનિ આઇ.સિ.એસ. અફિસારદેર દાપ્તરિક કાજકર્મેરઓ હિસાબ-નિકાશ કરતેન એબં સુશાસનેર જન્ય ઉદ્યોગી હતે તાદેરકે નિર્દેશ દિતેન। પ્રથમદિકે એસબ અફિસારગણ તાઁર અભિભાબકસુલભ દૃષ્ટિભઙ્ગિર પ્રતિ શીતલ મનોભાબ પોષણ કરતેન બટે, તબે શેષદિકે તાઁરા નતિ સ્બીકાર કરેછિલેન એબં બ્રિટિશ આમલારા તાદેર પ્રધાનમન્ત્રીકે યેભાબે અનુસરણ કરે, ઠિક સેભાબેઇ લર્ડ કાર્જનકે અનુસરણ કરેછિલેન। ૧૯૦૩ સાલેર પુલિશ રિપોર્ટ-એર ઉપર ભિત્તિ કરે તિનિ ભારતીય઼ પુલિશ બાહિનીકે પુનર્ગઠિત કરેછિલેન। શ્લથગતિ સમ્પન્ન અફિસ પદ્ધતિતે તિનિ બ્યાપક પરિબર્તન એનેછિલેન। ભૂમિ બ્યબસ્થાય઼ લર્ડ કાર્જનેર કાજ પ્રશંસનીય઼। તિનિ લક્ષ કરેછિલેન યે, જમિદારિર અધીન કૃષકદેર તુલનાય઼ સરકારિ માલિકાનાધીન ખાસ જમિ ચાષકારી કૃષકદેર દેય઼ ખાજનાર પરિમાણ અનેક બેશિ। એ-કારણે તિનિ ખાસ જમિર ખાજનાર પરિમાણ હ્રાસ કરાર જન્ય નિર્દેશ જારિ કરેન। ભૂમિ બ્યબસ્થાય઼ તાઁર સબચેય઼ે ઉલ્લેખયોગ્ય અબદાન ‘પાઞ્જાબ લ્યાન્ડ એલિય઼ેનેશન અ્યાક્ટ’। એ આઇનેર લક્ષ્ય છિલ ઋણેર દાય઼ે કૃષકકે જમિ થેકે ઉખાત હઓય઼ા થેકે રક્ષા કરા ઓ અકૃષિજીબી માનુષકે જમિર નિય઼ન્ત્રણ ગ્રહણ કરા થેકે બિરત રાખા। બિજ્ઞાનભિત્તિક કૃષિ બ્યબસ્થાર ઉન્નતિ સાધનેર જન્ય તિનિ એકટિ કૃષિ બિભાગ સૃષ્ટિ કરેછિલેન। બિહારેર પુસાય઼ તિનિ પરીક્ષામૂલક ખામાર ઓ ગબેષણા ઇનસ્ટિટિઉટ સ્થાપન કરેન। મહાજનેર દાસત્બ થેકે કૃષક સમ્પ્રદાય઼કે મુક્ત કરાર જન્ય સમબાય઼ સમિતિ પ્રતિષ્ઠા કરેન લર્ડ કાર્જન। સમ્ભબત એટિઇ ભૂમિ બ્યબસ્થાય઼ ગૃહીત તાઁર પદક્ષેપસમૂહેર મધ્યે સર્બાપેક્ષા ગુરુત્બપૂર્ણ। લર્ડ કાર્જન ઉન્નતિ બલતે કૃષિ, શિલ્પ ઓ યાતાય઼ાત બ્યબસ્થાર સમમ્બિત ઉન્નતિ બુઝતેન। તાઇ એ તિનટિ દિકેર પ્રતિઇ તિનિ સમાન મનોયોગ દિય઼ેછિલેન। ઊનબિંશ શતાબ્દીર શેષનાગાદ ભારતે ૨૭૦૦૦ માઇલ રેલપથ છિલ। એર સઙ્ગે લર્ડ કાર્જન આરઓ ૬૦૦૦ માઇલ રેલપથ યોગ કરેન। પ્રબૃદ્ધિર હારેર દિક થેકે એટિ છિલ બિસ્મય઼કર। ઉન્નતતર બ્યબસ્થાપનાર જન્ય રેલપથકે પાબલિક ઓય઼ાર્કસ્‌ બિભાગ થેકે પૃથક કરે નતુન-સૃષ્ટ ‘રેલઓય઼ે બોર્ડ’-એર અધીને ન્યસ્ત કરા હય઼। એ બોર્ડ રાજ્યેર રેલપથેર પરિચાલન ઓ તાર બિકાશેર દાય઼િત્બ પાલન કરે। શિલ્પ ઓ બાણિજ્યેર તદારકિર જન્ય એકટિ નતુન શિલ્પ ઓ બાણિજ્ય દપ્તર સૃષ્ટિ કરા હય઼। સેચ બ્યબસ્થાર ઉન્નય઼નેઓ લર્ડ કાર્જન સમપરિમાણે ઉદ્યોગી હય઼ેછિલેન। એ બ્યબસ્થાર સમ્પ્રસારણેર જન્ય તિનિ ૪ કોટિ ટાકા બ્યય઼ કરેન એબં એતદુદ્દેશ્યે એકટિ કમિશન (સ્કટ-મનક્રિફ કમિશન) સ્થાપન કરેન। એકજન બડ઼ માપેર સામ્રાજ્યબાદી હઓય઼ા સત્ત્બેઓ લર્ડ કાર્જન સાંસ્કૃતિક કર્મકાણ્ડ દિય઼ે તાઁર જાગતિક કર્મકાણ્ડેર સમાપ્તિ ટાનેન। બ્રિટિશ શાસનેર નિદર્શન હિસેબે તિનિ કલકાતાય઼ નિર્માણ કરેન ‘ભિક્ટોરિય઼ા મેમોરિય઼ાલ’। બ્રિટિશ મિઉજિય઼ામ આર અક્સફોર્ડેર બોદલેઇય઼ાન લાઇબે્રરિર આદલે સ્થાપન કરેન ‘ઇમપેરિય઼ાલ લાઇબે્રરિ’। ભારતેર સાંસ્કૃતિક ઐતિહ્ય સંરક્ષણેર જન્ય લર્ડ કાર્જન પુરાતત્ત્બ બિભાગ પ્રતિષ્ઠા કરેન એબં એર માધ્યમે જેનારેલ કાનિંહામ સહ અન્યાન્યદેર દ્બારા પરિચાલિત ખનનકાર્યકે પ્રાતિષ્ઠાનિક ભિત્તિ દાન કરેન। ઐતિહાસિક સ્થાપના થેકે અફિસ ઓ અફિસારદેરકે તિનિ કઠોરભાબે ઉચ્છેદ કરેન। એ સકલ કાજ એબં પ્રત્નતાત્ત્બિક નિદર્શન સંરક્ષણ ઓ બ્યબસ્થાપનાર કાજે તિનિ સ્યાર જન માર્શાલ-એર મધ્યે નતુન કાનિંહામકે ખુઁજે પેય઼ેછિલેન। લર્ડ કાર્જનેર સર્બાપેક્ષા બિતર્કિત પદક્ષેપ છિલ બઙ્ગ-ભઙ્ગ। ચિર-અબહેલિત બાંલાર ભાગ્ય ઉન્નય઼નેર નામે તિનિ રાજ્યટિકે દુભાગે ભાગ કરેન ક. પશ્ચિમબઙ્ગ એબં ખ. પૂર્બબઙ્ગ ઓ આસામ। જાતીય઼તાબાદીરા એ બિભાજનકે સામ્રાજ્યબાદી નિય઼ન્ત્રણ પાકાપોક્ત કરાર અભિસન્ધિ હિસેબે દેખેન। કંગ્રેસ એકે ‘ડિભાઇડ અ્યાન્ડ રુલ’ (‘ભાગ કરો એબં શાસન કરો’) નીતિ હિસેબે આખ્યા દેય઼। બઙ્ગ-ભઙ્ગ રદ આન્દોલન સ્બદેશી ઓ સન્ત્રાસબાદી આન્દોલનેર રૂપ નેય઼। બલા બાહુલ્ય એ સ્બદેશી ઓ સન્ત્રાસબાદી આન્દોલન ભારતે બ્રિટિશ સામ્રાજ્યેર ભિત કઁાપિય઼ે દિય઼ેછિલ। ભારતીય઼દેર મોકાબિલાય઼ તિનિ સિદ્ધહસ્ત, એ બલે લર્ડ કાર્જન ગર્બબોધ કરતેન। એમનકિ તિનિ એકબાર કંગ્રેસેર જાતીય઼તાબાદી નેતાદેર સમ્પર્કે મન્તબ્ય કરેછિલેન યે, તારા ‘ગઙ્ગાય઼ તો આર આગુન લાગાતે પારબેના’। સેઇ આત્મબિશ્બાસી લર્ડ કાર્જન બઙ્ગ-ભઙ્ગકે ઘિરે જ્બલે ઓઠા સ્બદેશી ઓ સન્ત્રાસબાદી આન્દોલનેર મુખે હતાશ ઓ બિચલિત બોધ કરતે થાકેન। એમનકિ સસમ્માને પદત્યાગેર કથાઓ ભાબછિલેન તિનિ। ભારતીય઼ બાહિનીર પ્રધાન સેનાપતિ લર્ડ કિચેનાર (કરઃપયબહબ) તાઁકે સે સુયોગ એને દેન। સેનાબાહિનીર સંસ્કાર પ્રસઙ્ગે લર્ડ કિચેનાર-એર સઙ્ગે તાઁર ગભીર મતપાર્થક્ય દેખા દેય઼। કાર્જન અનુભબ કરેન યે, ‘ઇન્ડિય઼ા અફિસ’ કિચેનારેર પક્ષાબલમ્બન કરછે। એ પરિસ્થિતિતે લર્ડ કાર્જન ૧૯૦૫ સાલેર આગસ્ટ માસે પદત્યાગ કરેન એબં ‘ઇન્ડિય઼ા અફિસ’ તાક્ષણિકભાબે તાઁર પદત્યાગપત્ર ગ્રહણ કરે। બસ્તુતપક્ષે, કાર્જનેર એ પરિણતિર જન્ય દાય઼ી છિલ બાઙાલિ જાતીય઼તાબાદી ભદ્રલોક શ્રેણી। એદેર સમ્પર્કે કાર્જનેર અબજ્ઞાસૂચક મન્તબ્ય છિલ, ‘એરા પ્રેરણાસઞ્ચારી કિંબા પુરુષોચિત જાતિ નય઼।’', 'gu'),
(9, 'બાંલાદેશેર સ્બાધીનતા યુદ્ધ છિલ ૧૯૭૧ સાલે સંઘટિત તકાલીન પશ્ચિમ પાકિસ્તાનેર બિરુદ્ધે પૂર્બ પાકિસ્તાનેર સશસ્ત્ર સંગ્રામ, યાર માધ્યમે બાંલાદેશ એકટિ સ્બાધીન દેશ હિસાબે પૃથિબીર માનચિત્ર આત્મપ્રકાશ કરે। ૧૯૭૧ સાલેર ૨૫શે માર્ચ રાતેર અન્ધકારે પાકિસ્તાની સામરિક બાહિની પૂર્બ પાકિસ્તાને બાઙાલિ નિધને ઝાઁપિય઼ે પડ઼લે એકટિ જનયુદ્ધેર આદલે મુક્તિયુદ્ધ તથા સ્બાધીનતા યુદ્ધેર સૂચના ઘટે। પઁચિશે માર્ચેર કાલો રાતે પાકિસ્તાની સામરિક જાન્તા ઢાકાય઼ અજસ્ર સાધારણ નાગરિક, છાત્ર, શિક્ષક, બુદ્ધિજીબી, પુલિશ હત્યા કરે। ગ્રેફતાર કરા હય઼ ૧૯૭૦ સાલેર સાધારણ નિર્બાચને નિરઙ્કુશ સંખ્યાગરિષ્ઠતાપ્રાપ્ત દલ આઓય઼ામી લીગ પ્રધાન બાઙ્ગાલીર તકાલીન પ્રિય઼ નેતાબઙ્ગબન્ધુ શેખ મુજિબુર રહમાનકે। ગ્રેફતારેર પૂર્બે ૨૬શે માર્ચેર પ્રથમ પ્રહરે તિનિ બાંલાદેશેર સ્બાધીનતાર ઘોષણા દેન। પરિકલ્ગપિત ગણહત્યાર મુખે સારાદેશે શુરુ હય઼ે યાય઼ પ્રતિરોધયુદ્ધ; જીબન બાઁચાતે પ્રાય઼ ૧ કોટિ માનુષ પાર્શ્બબર્તી ભારતે આશ્રય઼ ગ્રહણ કરે। પાકિસ્તાની સામરિક બાહિનીર ઇસ્ટ બેઙ્ગલ રેજિમેન્ટ, ઇસ્ટ પાકિસ્તાન રાઇફેલસ (ઇપિઆર), ઇસ્ટ પાકિસ્તાન પુલિશ, સામરિક બાહિનીર બાઙ્ગાલી સદસ્ય એબં સર્બોપરિ બાંલાદેશેર સ્બાધીનતાકામી સાધારણ માનુષ દેશકે પાકિસ્તાની સામરિક બાહિનીર કબ્જા થેકે મુક્ત કરતે કય઼ેક માસેર મધ્યે ગડ઼ે તોલે મુક્તિબાહિની। ગેરિલા પદ્ધતિતે યુદ્ધ ચાલિય઼ે મુક્તિબાહિની સારાદેશે પાકિસ્તાની હાનાદાર બાહિનીકે બ્યતિબ્યસ્ત કરે તોલે। મુક્તિયુદ્ધ ચલાકાલીન સમય઼ે બાંલાદેશ ભારતેર કાછ થેકે અર્થનૈતિક, સામરિક ઓ કૂટનૈતિક સાહાય્ય લાભ કરે। ડિસેમ્બરેર શુરુર દિકે યખન પાકિસ્તાની સામરિક બાહિનીર પતન આનિબાર્ય હય઼ે ઓઠે, તખન પરિસ્થિતિકે ભિન્ન ખાતે પ્રબાહિત કરતે પાકિસ્તાન ભારતેર બિરુદ્ધે યુદ્ધ ઘોષણા કરે। અત:પર ભારત બાંલાદેશેર સ્બાધીનતા યુદ્ધે સરાસરિભાબે જડ઼િય઼ે પડ઼ે। મુક્તિબાહિની ઓ ભારતીય઼ સામરિક બાહિનીર સમ્મિલિત આક્રમણેર મુખે ઇતોમધ્યે પર્યદુસ્ત ઓ હતોદ્યમ પાકિસ્તાની સામરિક બાહિની આત્મસમર્પણેર સિદ્ધાન્ત ગ્રહણ કરે। ૧૬ઇ ડિસેમ્બર ઢાકાર રેસકોર્સ મય઼દાને પાકિસ્તાન ૯૩,૦૦૦ હાજાર સૈન્યસહ આનુષ્ઠાનિકભાબે આત્મસમર્પણ કરે। એરઇ માધ્યમે નય઼ માસ બ્યાપી રક્તક્ષય઼ી મુક્તિયુદ્ધેર અબસાન હય઼; પ્રતિષ્ઠિત હય઼ બાઙ્ગાલી જાતિર પ્રથમ સ્બાધીન રાષ્ટ્ર બાંલાદેશ। મુક્તિબાહિનીર તીબ્ર આક્રમણેર માધ્યમે સીમાન્તબર્તી બર્ડાર પોસ્ટગુલો એકે એકે દખલ કરે નિતે શુરુ કરે। બાંલાદેશેર નિય઼મિત બાહિની કમલપુર, બિલોનિય઼ા, બય઼રા પ્રભૃતિ બર્ડાર પોસ્ટે હામલા કરે એબં ૩૦૭ટિ પોસ્ટેર ૯૦ટિઇ દખલ કરે નેય઼। પાશાપાશિ ગેરિલા બાહિનીર હામલાઓ તીબ્રતર હય઼ે ઓઠે। પાકિસ્તાની બાહિની ઓ તાદેર દોસર રાજાકાર બાહિનીર નિય઼મિત કાજ છિલ સાધારણ માનુષેર ઓપર અત્યાચાર કરા એબં દેશપ્રેમિક બાઙ્ગાલીદેર નિર્યાતન કરા। સીમાન્તે ઓ દેશેર અભ્યન્તરે મુક્તિયોદ્ધાદેર પ્રચણ્ડ આક્રમણેર જબાબે તારા એ અત્યાચારેર માત્રા આરો બાડ઼િય઼ે દેય઼। કિન્તુ અક્ટોબરેર શેષેર દિકે મુક્તિબાહિનીર પ્રબલ પ્રતિરોધેર સમ્મુખીન હય઼ે તારા દિનેર બેલાતેઓ નિજેદેર સામરિક ઘાઁટિ થેકે બેર હતે ભય઼ પેત। એમન પરિસ્થિતિતે પશ્ચિમ પાકિસ્તાન થેકે જરુરી ભિત્તિતે ૫ બ્યાટાલિય઼ન સૈન્ય તલબ કરા હય઼। મુક્તિયોદ્ધાદેર આક્રમણ ઓ પાલ્ટા આક્રમણે ક્રમાન્બય઼ે પાકિસ્તાની સામરિક બાહિનીર અબસ્થા એતટાઇ શોચનીય઼ હય઼ે પડ઼ે યે ઉપાય઼ન્તર ના દેખે ઘટના ભિન્ન ખાતે પરિચાલિત કરતે તારા ડિસેમ્બરેર ૩ તારિખ ભારતેર બિરુદ્ધે યુદ્ધ ઘોષણા કરે। ૧૯૭૧-એર ૩ ડિસેમ્બર બિકેલ પાઁચટાય઼ રેડિઓ પાકિસ્તાન સંક્ષિપ્ત એક બિશેષ સંબાદ પ્રચાર કરે યે ‘ભારત પશ્ચિમ પાકિસ્તાનેર સીમાન્તજુડ઼ે આક્રમણ શુરુ કરેછે। બિસ્તારિત ખબર એખનો આસછે।’ પાઁચટા ૯ મિનિટે પેશોય઼ાર બિમાનબન્દર થેકે ૧૨ટિ યુદ્ધબિમાન ઉડ઼ે યાય઼ કાશ્મીરેર શ્રીનગર ઓ અનન્તપુરેર ઉદ્દેશ્યે એબંસારગોદા બિમાનઘાઁટિ થેકે આટટિ મિરેજ બિમાન ઉડ઼ે યાય઼ અમૃતસર ઓ પાઠાનકોટેર દિકે। દુટિ યુદ્ધબિમાન બિશેષભાબે પ્રેરિત હય઼ ભારત ભૂખણ્ડેર ગભીરે આગ્રાય઼ આઘાત કરાર ઉદ્દેશ્યે। મોટ ૩૨ટિ યુદ્ધબિમાન અંશ નેય઼ એઇ આક્રમણે। ૩રા ડિસેમ્બર બિકેલે પ્રધાનમન્ત્રી ઇન્દિરા ગાન્ધી કોલકાતાર બ્રિગેડ પ્યારેડ મય઼દાને એક બિશાલ જનસભાય઼ બક્તૃતાદાનકાલે ભારતેર બિભિન્ન બિમાન ઘાઁટિતે પાકિસ્તાનેર ઉલ્લિખિત બિમાન-આક્રમણ શુરુ હય઼। અબિલમ્બે તિનિ દિલ્લી પ્રત્યાબર્તન કરેન। મન્ત્રિસભાર જરુરી બૈઠકેર પર મધ્યરાત્રિર કિછુ પરે બેતાર બક્તૃતાય઼ તિનિ જરુરિ અબસ્થા ઘોષણા કરે બલેન, એતદિન ધરે “બાંલાદેશે યે યુદ્ધ ચલે આસછિલ તા ભારતેર બિરુદ્ધે યુદ્ધે પરિણત હય઼ેછે।” ભારતઓ એર જબાબે પાકિસ્તાનેર બિરુદ્ધે યુદ્ધ ઘોષણા કરે એબં તાદેર પશ્ચિમ સીમાન્તે પાકિસ્તાનેર હામલા પ્રતિહત કરે। ભારતેર સામરિક બાહિની બાંલાદેશેર મુક્તિબાહિનીર સાથે યુક્ત હય઼ે યૌથબાહિની તૈરિ કરે બાંલાદેશેર અભ્યન્તરે પ્રબેશ કરે।૪ઠા ડિસેમ્બર થેકે ભારતીય઼ સ્થલબાહિનીર સમ્મુખ અભિયાન શુરુ હય઼ ચારટિ અઞ્ચલ થેકે: (૧) પૂર્બે ત્રિપુરા રાજ્ય થેકે તિન ડિભિશનેર સમબાય઼ે ગઠિત ૪ર્થ કોર સિલેટ-બ્રાહ્મણબાડ઼િય઼ા-કુમિલ્લા-નોય઼ાખાલી અભિમુખે; (૨) ઉત્તરાઞ્ચલ થેકે દુ’ડિભિશનેર સમબાય઼ે ગઠિત ૩૩તમ કોર રંપુર-દિનાજપુર-બગુડ઼ા અભિમુખે; (૩) પશ્ચિમાઞ્ચલ થેકે દુ’ડિભિશનેર સમબાય઼ે ગઠિત ૨ય઼ કોર યશોર-ખુલના-કુષ્ટિય઼ા-ફરિદપુર અભિમુખે; એબં (૪) મેઘાલય઼ રાજ્યેર તુરા થેકે ડિભિશન અપેક્ષા કમ આર એકટિ બાહિની જામાલપુર-મય઼મનસિંહ અભિમુખે। યૌથબાહિનીર પ્રબલ આક્રમણેર મુખે સારા દેશેર સીમાન્તબર્તી યુદ્ધક્ષેત્રગુલો થેકે પાકિસ્તાનીરા પિછુ હટતે શુરુ કરે। એકેર પર એક પાકિસ્તાની ઘાઁટિર પતન હતે થાકે। પાકિસ્તાનીરા અલ્પ કિછુ જાય઼ગાય઼ તાદેર સામરિક શક્તિ જડ઼ કરેછિલ; યૌથબાહિની તાદેર એડ઼િય઼ે અત્યન્ત દ્રુતગતિતે ઢાકાર દિકે એગિય઼ે યેતે થાકે। બાંલાદેશેર આપામર જનતાઓ સ્બતઃસ્ફૂર્તભાબે મુક્તિયોદ્ધાદેર સહાય઼તાય઼ એગિય઼ે આસે। આનુષ્ઠાનિક યુદ્ધ ઘોષણાર માત્ર ૧૩ દિનેર માથાય઼ યૌથબાહિની ઢાકાર દોરગોડ઼ાય઼ પૌઁછે યાય઼। એર આગેઇ બિમાન હામલા ચાલિય઼ે પાકિસ્તાની બિમાન બાહિની પરાસ્ત કરે ઢાકાર સકલ સામરિક બિમાન ઘાઁટિર રાનઓય઼ે બિધ્બસ્ત કરે દેય઼ા હય઼। તકાલીન પાકિસ્તાની ઉર્ધ્બતન અફિસારરા પશ્ચિમ પાકિસ્તાન થેકે આશ્બાસ પેય઼ેછિલ ઉત્તરે ચીન ઓ દક્ષિણે આમેરિકા થેકે તાદેર જન્ય સહાય઼તા આસબે, કિન્તુ બાસ્તબે તાર દેખા મેલે ના। આત્મસમર્પણેર દલિલે ભારતીય઼ લેટ. જેન. જે. એસ. અરોરા એબં પાકિસ્તાની લેટ. જેન. એ. એ. કે નિય઼ાજીર સ્બાક્ષર। ડિસેમ્બરેર શુરુતે બાંલાદેશેર સ્બાધીનતા યુદ્ધે ભારત સરાસરિભાબે જડ઼િય઼ે પડ઼ે। મુક્તિબાહિની ઓ ભારતીય઼ સામરિક બાહિનીર સમ્મિલિત આક્રમણેર મુખે ઇતોમધ્યે પર્યદુસ્ત ઓ હતોદ્યમ પાકિસ્તાની સામરિક બાહિની આત્મસમર્પણેર સિદ્ધાન્ત ગ્રહણ કરે। ૧૬ઇ ડિસેમ્બર ઢાકાર રેસકોર્સ મય઼દાને પાકિસ્તાન ૯૩,૦૦૦ હાજાર સૈન્યસહ આનુષ્ઠાનિકભાબે આત્મસમર્પણ કરે। એરઇ માધ્યમે નય઼ માસ બ્યાપી રક્તક્ષય઼ી મુક્તિયુદ્ધેર અબસાન હય઼; પ્રતિષ્ઠિત હય઼ બાઙ્ગાલી જાતિર પ્રથમ સ્બાધીન રાષ્ટ્ર બાંલાદેશ। પાકિસ્તાની ઇસ્ટાર્ન કમાન્ડ સેનાબાહિનીર કમાન્ડાર, લે જેનારેલ એ.એ.કે નિય઼ાજિ, ભારત ઓ બાંલાદેશ બાહિનીર ચીફ, અફિસાર પૂર્બ થિય઼ેટાર, લે જેનારેલ જગજિ સિં અરરાર સામને આત્મસમર્પનેર નિર્દશનપત્રે સ્બાક્ષર કરછેન, ૧૬ ડિસેમ્બર, ૧૯૭૧ ૯ ડિસેમ્બર એક બાર્તાય઼ ગભર્નર માલિક પાકિસ્તાનેર પ્રેસિડેન્ટકે જાનાન, ‘સામરિક પરિસ્થિતિ નાજુક હય઼ે પડ઼ેછે। પશ્ચિમે શત્રુ ફરિદપુરેર કાછે ચલે એસેછે એબં પૂર્બે લાકસામ ઓ કુમિલ્લાય઼ આમાદેર બાહિનીકે પાશ કાટિય઼ે મેઘના નદીર ધારે પૌઁછેછે। બાઇરેર સાહાય્ય યદિ ના આસે, તબે શત્રુ યેકોનો દિન ઢાકાર ઉપકણ્ઠે પૌઁછે યાબે। પુનરાય઼ આપનાકે બલછિ, આશુ યુદ્ધબિરતિ ઓ રાજનૈતિક સમાધાનેર કથા બિબેચના કરુન।’એરપર ૧૦ ડિસેમ્બર ગભર્નરેર સામરિક ઉપદેષ્ટા મેજર જેનારેલ રાઓ ફરમાન આલી ઓ મુખ્ય સચિબ પશ્ચિમ પાકિસ્તાનિ અફિસાર મુજાફફર હોસેન ક્યાન્ટનમેન્ટે જેનારેલ નિય઼ાજિર સઙ્ગે બિસ્તારિત આલોચના કરેન એબં ઢાકાય઼ જાતિસંઘેર પ્રતિનિધિર કાછે ‘આત્મસમર્પણેર’ આબેદન હસ્તાન્તર કરેન। એતે અબશ્ય કૌશલે આત્મસમર્પણ શબ્દટિ બાદ દિય઼ે અસ્ત્રસંબરણ કથાટિ બ્યબહાર કરા હય઼। એઇ આબેદને આરો લેખા છિલ , ‘યેહેતુ સંકટેર ઉદ્ભબ હય઼ેછે રાજનૈતિક કારણે, તાઇ રાજનૈતિક સમાધાન દ્બારા એર નિરસન હતે હબે। આમિ તાઇ પાકિસ્તાનેર પ્રેસિડેન્ટ દ્બારા અધિકારપ્રાપ્ત હય઼ે પૂર્બ પાકિસ્તાનેર નિર્બાચિત જનપ્રતિનિધિદેર ઢાકાય઼ સરકાર ગઠનેર જન્ય આહ્બાન જાનાઇ। આમિ શાન્તિપૂર્ણભાબે ક્ષમતા હસ્તાન્તરેર બ્યબસ્થા નેઓય઼ાર જન્ય જાતિસંઘકે આહ્બાન જાનાઇ।’ એઇ આબેદન ઢાકાય઼ જાતિસંઘેર પ્રતિનિધિ પલ માર્ક હેનરિર હાતે દેઓય઼ા હય઼। પાકિસ્તાનિ મહલે બાર્તાટિ માલિક-ફરમાન આલી બાર્તા હિસેબે પરિચિતિ પાય઼। પરદિન તા આબાર પ્રત્યાહાર કરે નેઓય઼ા હય઼। મુક્તિયોદ્ધા ઓ ભારતીય઼ સેનારા ઢાકા ઘેરાઓ કરે પાકિસ્તાન સેનાબાહિનીકે આત્મસમર્પન કરાર જન્યે આહબાન કરે। ગભર્ણર હાઉજે (બર્તમાન બઙ્ગભબન) બોમા ફેલાર કારણે ગભર્ણર માલેકેર નેતૃત્બાધીન પાકિસ્તાનેર પદલેહી સરકારઓ ઇતિમધ્યે પદત્યાગ કરે હોટેલ ઇન્ટાર કન્ટિનેન્ટાલ (બર્તમાન હોટેલ શેરાટન) આશ્રય઼ નેય઼। સમય઼ થાકતે શાન્તિપૂર્ણભાબે આત્મસમર્પણેર આહબાન જાનિય઼ે આકાશ થેકે અનબરત લિફલેટ ફેલા હતે થાકે। ૧૬ ડિસેમ્બર બિકેલે રેસકોર્સ મય઼દાને (બર્તમાન સોહરાઓય઼ાર્દી ઉદ્યાન) બાંલાદેશે અબસ્થિત પાકિસ્તાની સામરિક બાહિનીર અધિનાય઼ક લેઃ જેઃ એ. એ. કે નિય઼ાજી હાજાર હાજાર ઉફુલ્લ જનતાર સામને આત્મસમર્પણેર દલિલે સ્બાક્ષર કરે। પ્રાય઼ ૯૩,૦૦૦ પાકિસ્તાની સૈન્ય આત્મસમર્પણ કરે, યા છિલ દ્બિતીય઼ બિશ્બયુદ્ધેર પર સર્બબૃહ આત્મસમર્પણ અનુષ્ઠાન। બાંલાદેશેર માનુષેર બહુ આકાઙ્ખિત બિજય઼ ધરા દેય઼ યુદ્ધ શુરુર નય઼ માસ પર। ૧૬ ડિસેમ્બર પાકિસ્તાન સેનાબાહિની આત્મસમર્પન કરલેઓ સારા દેશે સકલ પાકિસ્તાનીદેર આત્મસમર્પણ કરાતે ૨૨ ડિસેમ્બર પર્યન્ત હય઼ે યાય઼। પાકિસ્તાની બાહિનીર આત્મસમર્પણેર દિનઇ સપ્તમ નૌબહર પ્રબેશ કરે બઙ્ગોપસાગરેર દક્ષિણતમ પ્રાન્તે। કિન્તુ બાંલાદેશ તખન પાકિસ્તાનેર દખલ થેકે સમ્પૂર્ણભાબે મુક્ત।', 'gu');
INSERT INTO `passage` (`id`, `content`, `test_id`) VALUES
(10, 'કણિકા બન્દ્યોપાધ્યાય઼ (જન્મ:૧૨ અક્ટોબર ૧૯૨૪ – મૃત્યુ: ૫ એપ્રિલ ૨૦૦૦) એકજન સ્બનામધન્ય ભારતીય઼ બાઙાલિ રબીન્દ્રસંગીત શિલ્પી ઓ શિક્ષિકા। રબીન્દ્રસઙ્ગીત જગતેર સર્બકાલેર સર્બશ્રેષ્ઠ શિલ્પીદેર મધ્યે કણિકા બન્દ્યોપાધ્યાય઼ અન્યતમ। બિશેષત ટપ્પા અઙ્ગેર રબીન્દ્રસંગીતે તિનિ છિલેન અપ્રતિદ્બન્દ્બી એક ગાય઼િકા। રબીન્દ્રસઙ્ગીત છાડ઼ા અતુલપ્રસાદેર ગાનેઓ તિનિ સમાન પારદર્શી છિલેન; યદિઓ એઇ ધારાય઼ તાઁર રેકર્ડ સંખ્યા ખુબ બેશિ નય઼। જીબનેર અધિકાંશ સમય઼ શાન્તિનિકેતને અતિબાહિત કરલેઓ તાઁર જનપ્રિય઼તા પશ્ચિમબઙ્ગેર સીમાના છાડ઼િય઼ે બાંલાદેશેઓ પરિબ્યાપ્ત છિલ। કલકાતા પૌરસંસ્થા તાઁર સમ્માને કલકાતાર ભિક્ટોરિય઼ા મેમોરિય઼ાલ ઓ રબીન્દ્ર સદનેર મધ્યબર્તી મય઼દાનેર એકાંશે એકટિ સુરમ્ય સુબૃહ ઉદ્યાન ઉસર્ગ કરેછેન।  પરિચ્છેદસમૂહ      ૧ જીબન         ૧.૧ જીબનારમ્ભ         ૧.૨ પ્રથમ રેકર્ડ         ૧.૩ શિક્ષાજીબન         ૧.૪ કર્મજીબન ઓ પારિબારિક જીબન         ૧.૫ આનન્દધારા બહિછે ભુબને ગાનટિર રેકર્ડ         ૧.૬ બિદેશ સફર         ૧.૭ આપ્તજન         ૧.૮ શેષજીબન     ૨ રેકર્ડ         ૨.૧ રેકર્ડે રબીન્દ્રસંગીત         ૨.૨ રેકર્ડે રબીન્દ્રનાટક         ૨.૩ ચલચ્ચિત્રે રબીન્દ્રસંગીત         ૨.૪ અન્યાન્ય ધારાર ગાન     ૩ સમ્માનના     ૪ રચિત ગ્રન્થાબલિ     ૫ કણિકા બન્દ્યોપાધ્યાય઼ સમ્પર્કે બિદગ્ધજનેર મત         ૫.૧ રબીન્દ્રનાથ ઠાકુર         ૫.૨ શૈલજારઞ્જન મજુમદાર         ૫.૩ જ્ઞાનપ્રકાશ ઘોષ     ૬ તથ્યસૂત્ર     ૭ પાદટીકા  જીબન જીબનારમ્ભ  કણિકા બન્દ્યોપાધ્યાય઼ેર જન્મ બર્તમાન પશ્ચિમબઙ્ગેર બાઁકુડ઼ા જેલાર સોનામુખીતે। પિતા સત્યચરણ મુખોપાધ્યાય઼ છિલેન બિશ્બભારતી ગ્રન્થાગારેર કર્મી ઓ મા અનિલા દેબી છિલેન શાન્તિનિકેતનેર આશ્રમજનની। તાઁદેર પાઁચ કન્યા ઓ તિન પુત્રેર મધ્યે કણિકા છિલેન જ્યેષ્ઠ। પિતૃદત્ત નામ અનિમા। છેલેબેલા કાટે બિષ્ણુપુરેર મામાબાડ઼િર યૌથ પરિબારે। પરે ખુબ અલ્પબય઼સે પિતાર કર્મસ્થલ શાન્તિનિકેતને ચલે આસેન। ભર્તિ હન બ્રહ્મચર્યાશ્રમ બિદ્યાલય઼ે। તાઁર સ્મૃતિકથા થેકે જાના યાય઼ એઇ સમય઼ એક કાલબૈશાખીર સન્ધ્યાય઼ ઉત્તરાય઼ણેર બાગાને આમ ચુરિ કરતે ગિય઼ે રબીન્દ્રનાથેર સઙ્ગે તાઁર પ્રથમ સાક્ષા। સહજાતસઙ્ગીત પ્રતિભાર કારણે તિનિ સેઇ બય઼સેઇ કબિર બિશેષ સ્નેહભાજન હય઼ે પડ઼ેન। તાઁર નિજેર કથાય઼, “ 	તતદિને તાઁર સઙ્ગે આમાર સમ્પર્ક યેન કત સહજ। આજ જાનિ, તખનઇ તિનિ અન્યદેર કાછે કત ‘મહાન’, કત ‘બિરાટ’, કત ‘બિશાલ’, કિન્તુ તખન તિનિ આમાર અતિ આપનજન। આમાર આબદાર કરાર, આમાર નાલિશ જાનાબાર, આમાર અભિમાન કરબાર, આમાર સમાધાન ખુઁજે દેબાર માનુષ તિનિ। [૧] 	”  ૧૯૩૫ સાલે રબીન્દ્રનાથ તાઁર ‘અણિમા’ નામટિ પરિબર્તન કરે ‘કણિકા’ રાખેન। અબશ્ય ડાકનામ હિસાબે તિનિ બ્યબહાર કરતેન ‘મોહર’। પરે અબનીન્દ્રનાથ ઠાકુર તાઁર એઇ ‘મોહર’ નામટિ બિસ્તારિત કરે બલેછિલેન ‘આકબરી મોહર’। ૧૯૩૫ સાલેઇ શિશુશિલ્પી હિસાબે પ્રથમ મઞ્ચાબતરણ કરેન કણિકા। શાન્તિનિકેતનેર શારદોસબે એકટિ અનુષ્ઠાને બાલક-બાલિકાદેર દલે અંશ નિય઼ેછિલેન તિનિ। જાના યાય઼, રબીન્દ્રનાથેર સઙ્ગે તાઁર સેઇ પ્રથમ ઓ શેષ મઞ્ચાબતરણ; કારણ સેઇ અનુષ્ઠાનટિઇ છિલ રબીન્દ્રનાથેર શેષ મઞ્ચાભિનય઼। ૨૪ જુલાઇ ૧૯૪૦ બોલપુર ટેલિફોન કેન્દ્રેર ઉદ્બોધની અનુષ્ઠાને તિનિ ઓગો તુમિ પઞ્ચદશી ગાનટિ ગેય઼ેછિલેન। ગાનટિ તિનિ સરાસરિ રબીન્દ્રનાથેર કાછેઇ શેખેન। એઇ અનુષ્ઠાનટિ બેતારે સમ્પ્રચારિત હય઼। એટિઇ કણિકાર પ્રથમ બેતાર અનુષ્ઠાન। એરપર ૧૯૩૭ સાલે પ્રથમ કલકાતાર છાય઼ા સિનેમા હલે આય઼ોજિત બર્ષામઙ્ગલ ઉસબે કણિકા રબીન્દ્રનાથેર સઙ્ગે દ્બૈતકણ્ઠે છાય઼ા ઘનાઇછે બને બને ગાનટિ ગેય઼ેછિલેન। કલકાતાર મઞ્ચે રબીન્દ્રસઙ્ગીત શિલ્પીરૂપે સેટિઇ છિલ તાઁર પ્રથમ આત્મપ્રકાશ। એઇ સમય઼ે અનેકગુલિ ગાન રબીન્દ્રનાથ તાઁકે સ્બય઼ં શિખિય઼ેછિલેન। કણિકા અભિનય઼ કરેછિલેન તાસેર દેશ નાટકેર દહલાની, ડાકઘર નાટકેર સુધા, બિસર્જન નાટકેર અપર્ણા ઓ બશીકરણ નાટકેર નિરુપમા ચરિત્રે। પ્રથમ રેકર્ડ  ૧૯૩૮ સાલેર ફેબ્રુય઼ારિ માસે નીહારબિન્દુ સેનેર કથાય઼ ઓ હરિપદ ચટ્ટોપાધ્યાય઼ેર સુરે દુટિ આધુનિક ગાન રેકર્ડ કરેન કણિકા। ગાનદુટિ છિલ ઓરે ઓઇ બન્ધ હલ દ્બાર ઓ ગાન નિય઼ે મોર ખેલા। એઇ રેકર્ડઇ તાઁર જીબનેર પ્રથમ રેકર્ડ। જાના યાય઼, પ્રિય઼ છાત્રી જીબનેર પ્રથમ રેકર્ડે તાઁર ગાનેર પરિબર્તે આધુનિક ગાન ગેય઼ેછે શુને દુઃખ પાન રબીન્દ્રનાથ। બ્યથિત કણિકાઓ આધુનિક ગાનેર જગતે પ્રબેશ ના કરાર સિદ્ધાન્ત નેન। સેઇ બછરેઇ હિન્દુસ્તાન રેકર્ડ કોમ્પાનિ થેકે તાઁર પ્રથમ રબીન્દ્રસઙ્ગીતેર રેકર્ડ પ્રકાશિત હય઼। એઇ ગ્રામોફોન રેકર્ડેર એકપિઠે છિલ મને કી દ્બિધા રેખે ગેલે ચલે એબં અન્યપિઠે છિલ ના ના ના ડાકબ ના, ડાકબ ના। ૧૯૩૮ સાલેર સેપ્ટેમ્બર માસે હિન્દુસ્તાન રેકર્ડેર તાલિકા પુસ્તિકાય઼ લેખા હય઼ – “ 	કુમારી કણિકા મુખાર્જ્જિર પ્રથમ રેકર્ડખાનિ સકલેર તૃપ્તિ સાધન કરિય઼ાછે। એબાર તાહાર આર એકખાનિ રેકર્ડ બાહિર હઇલ। એઇ ગાન દુખાનિ શુનિય઼ા સકલેઇ પ્રીતિલાભ કરિબેન।[૨] 	”  એઇ ગાન દુટિ છિલ ઘરેતે ભ્રમર એલો ગુનગુનિય઼ે ઓ ઓઇ માલતીલતા દોલે। પૂર્બેર રેકર્ડ ઓ એઇ રેકર્ડેર ચારખાનિ ગાનઇ રબીન્દ્રનાથેર શોના કણિકાર રેકર્ડધૃત ગાન। જાના યાય઼, એઇ ગાનગુલિ શુને તિનિ ખુશિ હય઼ેછિલેન। શિક્ષાજીબન  ૧૯૪૧ સાલે રબીન્દ્રનાથેર મૃત્યુર સમય઼ કણિકા છિલેન શાન્તિનિકેતને। એઇ સમય઼ રબીન્દ્રનાથેર નિર્દેશ મતો સમુખે શાન્તિપારાબાર ગાનટિ યે બૃન્દદલે ગાઓય઼ા હય઼, સેઇ દલે છિલેન કણિકા। પ્રસઙ્ગત ઉલ્લેખ્ય, એઇ ગાનટિ મૃત્યુર કય઼ેક બછર આગે રચના કરલેઓ, રબીન્દ્રનાથેર નિર્દેશે તાઁર મૃત્યુર પરેઇ પ્રકાશિત ઓ ગીત હય઼। એરપર ઇન્દિરા દેબી ચૌધરાની, શૈલજારઞ્જન મજુમદાર, શાન્તિદેબ ઘોષ, અમિતા સેન, રમા કર પ્રમુખ ખ્યાતનામા રબીન્દ્રસઙ્ગીત શિક્ષકેર કાછે ગાન શિખતે થાકેન કણિકા। શાસ્ત્રીય઼ સંગીતે તાલિમ નેન હેમેન્દ્રલાલ રાય઼, અશેષ બન્દ્યોપાધ્યાય઼, ભિ ભિ ઓય઼ાજેલઓય઼ાર, પિ એન ચિનચોર ઓ ધ્રુબતારા યોશિર કાછે। ભજન શેખેન જ્ઞાનપ્રકાશ ઘોષ ઓ પ્રકાશકાલી ઘોષાલેર કાછે। કૃષ્ણા ચટ્ટોપાધ્યાય઼ેર પિતા હરેન્દ્રનાથ ચટ્ટોપાધ્યાય઼ેર નિકટ શેખેન અતુલપ્રસાદેર ગાન। એછાડ઼ાઓ કમલ દાશગુપ્ત ઓ ફિરોજા બેગમેર કાછે કિછુકાલ નજરુલગીતિઓ શેખેન કણિકા। કર્મજીબન ઓ પારિબારિક જીબન  ૧૯૪૨ સાલ થેકે તિનિ હિજ માસ્ટાર્સ ભય઼ેસેર શિલ્પી। ૧૯૪૩ સાલે બિશ્બભારતીરસઙ્ગીત ભબને રબીન્દ્રસઙ્ગીત શિક્ષિકા હિસાબે યોગદાન કરેન કણિકા। એઇ બછરેઇ આકાશબાણીર નિય઼મિત શિલ્પીરૂપે તાઁર યોગદાન। પરબર્તીકાલે બિશ્બભારતીર એમિરિટાસ અધ્યાપકઓ હન તિનિ। ૧૯૪૪ સાલે કલકાતાય઼ ગીતબિતાનસઙ્ગીત બિદ્યાલય઼ેર પક્ષ થેકે નૃત્યનાટ્ય માય઼ાર ખેલા મઞ્ચસ્થ હલે કણિકા સેઇ નાટકે પ્રમદાર ચરિત્રટિ કરેન। એઇ અનુષ્ઠાનેઇ હેમન્ત મુખોપાધ્યાય઼ેર સૂત્રે તિનિ પરિચિત હન બાઁકુડ઼ાર બીરેન્દ્રનાથ બન્દ્યોપાધ્યાય઼ેર સઙ્ગે। પરેર બછર બૈશાખ માસે બીરેન્દ્રનાથ બન્દ્યોપાધ્યાય઼ેર સઙ્ગે તિનિ આબદ્ધ પરિણય઼-સૂત્રે। પ્રસઙ્ગત ઉલ્લેખ્ય, બીરેનબાબુ છિલેન બિશ્બભારતી ગ્રન્થાગારેર કર્મી, રબીન્દ્ર-બિશારદ ઓ આત્મકથા બાદે કણિકા બન્દ્યોપાધ્યાય઼ લિખિત સકલ ગ્રન્થેર સહલેખક। આનન્દધારા બહિછે ભુબને ગાનટિર રેકર્ડ  આનન્દધારા બહિછે ભુબને કણિકા બન્દ્યોપાધ્યાય઼ેર સર્બાધિક જનપ્રિય઼ રબીન્દ્રસંગીત। ૧૯૫૬ સાલે એઇ ગાનટિ તિનિ પ્રથમ રેકર્ડ કરેન। ગાનટિ તિનિ શિખેછિલેન સંગીતાચાર્ય રમેશ બન્દ્યોપાધ્યાય઼ેર કાછ થેકે। રમેશબાબુ ગાનટિર મૂલ સુરટિ જાનતેન ના। તાઇ સ્બરબિતાન-સમ્મત મિશ્ર માલકોષ રાગેર બદલે તિનિ કણિકાકે ગાનટિ શેખાન શુદ્ધ માલકોષ રાગે। આશ્ચર્યેર બિષય઼ એઇ યે એ હેન સુર બિકૃતિ બિશ્બભારતીસઙ્ગીત સમિતિ શુધુ અનુમોદનઇ કરેનિ, ગાનટિર જનપ્રિય઼તાય઼ પ્રભાબિત હય઼ે કણિકા બન્દ્યોપાધ્યાય઼ ગીત સુરટિર સ્બરલિપિ ભિ બાલસારાકે દિય઼ે લિખિય઼ે તા સ્બરબિતાનભુક્ત કરે નેય઼। આજઓ અન્યાન્ય શિલ્પીરાઓ જનપ્રિય઼તાર બિપરીતે ગિય઼ે ગાનટિ મૂલ સુરે ગાઇબાર સાહસ બડ઼ એકટા દેખાન ના। પરે આરઓ દુબાર એઇ સુરેઇ ગાનટિ રેકર્ડ કરેન કણિકા સ્બય઼ં। એઇ ગાનટિ છાડ઼ા બાજે કરુણ સુરે ગાનટિઓ કણિકા સ્બરલિપિ-બહિર્ભૂત પ્રથાય઼ ગેય઼ેછિનિકાએઇ બિષય઼ે બિશદ તથ્ય મિલબે શ્રી સૌરભ ગઙ્ગોપાધ્યાય઼ રચિત કાર ગાન કાર સુર શીર્ષક નિબન્ધે,પ્રકાશિત હય઼ેછિલ  દલછુટ ખુદેપત્રીર જાનુય઼ારિ ૨૦૧૧ સંખ્યાય઼।  બિદેશ સફર  કણિકા બન્દ્યોપાધ્યાય઼ એકાધિકબાર બિદેશ ભ્રમણ કરેન। ૧૯૭૪, ૧૯૭૮ ઓ ૧૯૮૪ સાલે માર્કિન યુક્તરાષ્ટ્ર ઓ કાનાડા; ૧૯૭૬, ૧૯૮૦ ઓ ૧૯૮૬ સાલે ઇંલ્યાન્ડ એબં ૧૯૮૦ સાલેઇ જાર્માનિ, ડેનમાર્ક, સુઇજારલ્યાન્ડ-સહ ઇઉરોપેર બિભિન્ન દેશ સફર કરેન। કિન્તુ તાઁર આત્મકથા તિનિ બિશેષભાબે ઉલ્લેખ કરેન તાઁર યે બિદેશ-ભ્રમણેર કથા સેટિ બાંલાદેશ। તાઁર કથાય઼, “ 	આમિ બહુબાર બાંલાદેશે ગેછિ। બાંલાદેશેર માનુષેર ભાલબાસા આમાર જીબને અમૂલ્ય સમ્પદેર મત સઞ્ચિત હય઼ે આછે। [૩] 	”  બાંલાદેશે કણિકા યાન ૧૯૭૨, ૧૯૭૩, ૧૯૭૪, ૧૯૮૬ ઓ ૧૯૯૪ સાલે। ૧૯૭૨ સાલે બઙ્ગબન્ધુ શેખ મુજિબેર સઙ્ગે તાઁર સાક્ષાતે એકટિ ચિત્ર આઁકા આછે તાઁર આત્મકથાય઼, “ 	સેબાર દેખા હલ શેખ મુજિબુર રહમાનેર સઙ્ગે। તખન ઉનિ બાંલાદેશેર હૃદય઼ેર મણિ। દેશ સ્બાધીન હય઼ેછે। બઙ્ગભબને ઢુકતે સ્બાગત જાનાલેન સ્બય઼ં મુજિબુર રહમાન। આમાકે બલલેન, જાનેન આપનાર રેકર્ડ છિલ આલમારિ ભર્તિ। શય઼તાન ઇય઼ાહિય઼ાર દલ સબ ભેઙે તછનછ કરેછે। આપનાર ગાનેર આમિ ખુબ ભક્ત। આમાદેર સઙ્ગે છિલ આમાર ગાઓય઼ા દુટિ લં પ્લેય઼િં રેકર્ડ। ઉપહાર દિલામ ઓઁકે। રેકર્ડ દુટો માથાય઼ ઠેકિય઼ે બલલેન, આપનાર કણ્ઠેર ગાન બય઼ે એનેછેન આમાકે ઉપહાર દિતે। એર થેકે બડ઼ આર કી હતે પારે?  શુને આમિ લજ્જાય઼ સઙ્કુચિત હચ્છિલામ। આમાર સ્બામી સઙ્ગે નિય઼ે ગિય઼ેછિલેન તાઁર નિજેર હાતે તોલા ગુરુદેબેર એકખાનિ છબિ। સેઇ છબિ પેય઼ેઓ શેખ સાહેબ દારુણ ખુશિ। એકજનકે ડેકે બલે દિલેન, બઙ્ગભબને તાઁર બસાર જાય઼ગાર સામનેર દેઓય઼ાલે સેઇ છબિટિ ટાઙિય઼ે દિતે। [૪] 	”  પરબર્તીકાલે તાઁર પ્રિય઼ છાત્રી ઓ બિશિષ્ટ બાંલાદેશી રબીન્દ્રસઙ્ગીત શિલ્પી રેજઓય઼ાના ચૌધુરી બન્યાર તત્ત્બાબધાને તિનિ બાંલાદેશ સફર કરેન। ૧૯૯૪ સાલે બાંલાદેશ સરકાર કર્તૃક આમન્ત્રિત હય઼ે શેષબાર સેઇ દેશ ભ્રમણ કરેન કણિકા। કબિ સુફિય઼ા કામાલ તાઁર સમ્માને એકટિ કબિતા રચના કરેછિલેન સેબાર। સેઇ કબિતાર શેષ પંક્તિગુલિ શુને તાઁર મને હય઼ “દેશાન્તરે નય઼, યેન નિજેરઇ દેશે, નિજભૂમે, નિજેર માનુષદેર ભાલબાસાતેઇ પૂર્ણ હય઼ે ઉઠછિ આમિ” – “ 	  જય઼તુ અમૃત કન્યા। સુર કન્યા અય઼િ સુન્દર જીબન લભ સુર સુધામય઼ી આરઓ બ્યાપ્ત, બિથારિત હોક તબ સુર બેદના, બઞ્ચના હતે લભ શાન્તિ પ્રશાન્તિ મધુર।  [૫] 	” આપ્તજન  અપર એક પ્રબાદપ્રતિમ રબીન્દ્રસઙ્ગીત શિલ્પી સુચિત્રા મિત્ર છિલેન તાઁર કૈશોરેર બન્ધુ। દેબબ્રત બિશ્બાસ, દ્બિજેન મુખોપાધ્યાય઼, નીલિમા સેન પ્રમુખ શિલ્પીર સઙ્ગે સુસમ્પર્ક ગડ઼ે ઓઠે।સઙ્ગીત જગતેર પાશાપાશિ સાહિત્ય જગતેઓ તાઁર બન્ધુ ઓ ગુણમુગ્ધ છિલેન અનેકે। સૈય઼દ મુજતબા આલિ, અબધૂત, નરેન્દ્રનાથ મિત્ર, મહાશ્બેતા દેબી, સમરેશ બસુ, નિમાઇ ભટ્ટાચાર્ય, શક્તિ ચટ્ટોપાધ્યાય઼, સુનીલ ગઙ્ગોપાધ્યાય઼, બુદ્ધદેબ ગુહ પ્રમુખેર સઙ્ગેઓ છિલ તાઁર સ્નેહ ભાલબાસાર સમ્પર્ક। તાઁર નિજેર જેલાર માનુષ રામકિઙ્કર બેઇજ તાઁકે બિશેષ સ્નેહ કરતેન। તાઁર છાત્રછાત્રીદેર મધ્યે માય઼ા સેન, કમલા બસુ, અરબિન્દ બિશ્બાસ, ગોરા સર્બાધિકારી, બનાની ઘોષ, સોહિની મુખોપાધ્યાય઼, ઇન્દ્રાણી મુખોપાધ્યાય઼ એબં બાંલાદેશેર પાપિય઼ા સારોય઼ાર, રેજઓય઼ાના ચૌધુરી બન્યા, સાદિ મહમ્મદ પ્રમુખેર નામ ઉલ્લેખયોગ્ય।  બ્યક્તિજીબને કણિકા છિલેન અત્યન્ત લાજુક; સંકોચ છિલ તાઁર નિત્યસઙ્ગી। અપરિચિત સ્થાને ગાન ગાઇતે યેતે બેશ ભય઼ પેતેન તિનિ। શોના યાય઼, સત્યજિ રાય઼ તાઁર કાઞ્ચનજઙ્ઘા છબિર ગાને નેપથ્યશિલ્પી હિસાબે તાઁર નામ ભેબેછિલેન; કિન્તુ કલકાતાય઼ એને અપરિચિત પરિબેશે તાઁકે દિય઼ે રેકર્ડ કરાનોર ઝક્કિર કથા માથાય઼ રેખે સે પરિકલ્પના બાતિલ કરેન। યદિઓ સત્યજિ ઓ તાઁર સ્ત્રી બિજય઼ા રાય઼ ઉભય઼ેઇ છિલેન કણિકાર ગુણમુગ્ધ ઓ પરમ બન્ધુ । સત્યજિતેર શેષ છબિ આગન્તુક-એ બ્યબહૃત સાઁઓતાલ નૃત્યેર દૃશ્યટિ કણિકા બન્દ્યોપાધ્યાય઼ેર બ્યબસ્થાપનાય઼ તોલા હય઼। આબાર તાઁર કિછુ અદ્ભુત સ્બભાબેર કથાઓ જાના યાય઼ સ્બરચિત આત્મકથા થેકે। યેમન – કોનઓ અઞ્ચલ થેકે ગાન ગાઓય઼ાર ડાક પેલે સેઇ અઞ્ચલેર નામટિ તિનિ દેખતેન। નામ પછન્દ ના હલે આમન્ત્રણ ગ્રહણ કરતે', 'gu'),
(11, 'ল্লভভাঈ ঝেরভাঈ পটেলনো জন্ম তেমনা মামানা ঘরে নডীআদ - গুজরাতমাং থযো হতো. তেমনী াস্তিক জন্ম তারীখ ক্যারেয নোংধাই ন হতী পণ তেমণে তেমনী মেট্রীকনী পরীক্ষানা পেপর খতে ৩১ ওক্টোবরনে পোতানী জন্ম তারীখ তরীকে লেখাী হতী. তেও হিংদু ধর্ম পাতা পিতা ঝেরভাঈ অনে মাতা লাডবানা চোথা পুত্র হতাং. তেও খেডা জিল্লানা করমসদ গামমাং রহেতা কে জ্যাং তেমনা পিতা ঝেরভাঈনী াডী হতী. সোমাভাঈ, নরসিংহভাঈ তথা িঠ্ঠলভাঈ (কে জেও পোতে পণ আগ জঈনে রাজনীতিজ্ঞ থযা) তেমনা মোটা ভাঈও হতা. তেমনে এক নানা ভাঈ - কাশীভাঈ তেমজ এক নানা বেন - দহীবা হতা. নানপণমাং ল্লভভাঈ তেমনা পিতানে খেতরমাং মদদ করাতা তেমজ বে মহীনে একার উপাস করতা কে জেমাং তেও অন্ন-জনুং গ্রহণ ন করতা. ১৮ র্ষনী উংমরে তেমনা লগ্ন বাজুনা গামমাংজ রহেতা, ১২ কে ১৩ র্ষনী উংমরনা ঝেরবা সাথে থযা হতা. রিাজনে আধীন, জ্যাং সুধী পতি কমাঈনে ঘর চলাানী জাবদারী উপাডী ন শকে ত্যাং সুধী তেনী পরীণীতা তেনা পিতানা ঘরে রহেতী.  ল্লভভাঈনে নিশানুং ভণতর পুরুং করা নডীআদ, পেটলাদ তথা বোরসদ জুং পড্যুং হতুং কে জ্যাং তেও বীজা ছোকরাও সাথে স্নির্ভরতাথী রহ্যাং. তেমণে পোতানো প্রখ্যাত সংযমী স্ভা কে্যো - এক লোকাযকা প্রমাণে তেমণে পোতানে থযেলাং এক গুমডাংনে জরায সংকোচাযা িনা ফোড্যুং হতুং কে জে করতা হজাম পণ থথর্যো হতো. ল্লভভাঈ মেট্রীকনী পরীক্ষামাং ২২ র্ষনী মোটী উংমরে উত্তীর্ণ থযা অনে ত্যারে তেমনা ডীলো তেমনে মহত্কাংক্ষী ্যক্তি তরীকে নহোতা ওখতা তথা এম মানতা কে তেও কোঈ সাধারণ নোকরী কে ধংধো করশে. পণ ল্লভভাঈনী পোতানী অলগ যোজনা হতী - তেমনে কীলাতনুং ভণী, কাম করীনে পৈসা বচাী, ঈংগ্লেন্ডমাং ভণী বরিস্টর বনু হতুং. ল্লভভাঈ র্ষো তেমনা কুটুংবথী িখুটা রহীনে তথা বীজা কীলো পাসেথী চোপডীও মাংগী, পোতানী রীতে ভণীনে বে র্ষমাং পরীক্ষামাং উত্তীর্ণ থযাং. ঝেরবানে তেমনা পিযরথী লঈ আীনে তেমণে গোধরামাং পোতানা গৃহস্থ জীননী শরুআত করী তথা ত্যাংনা বার (কীল মংড) মাং নাম নোংধা্যুং. তেমনে পৈসা বচাা মাটে জে ঘণাং র্ষো লাগ্যা তেমাং তেমণে পোতানা মাটে এক তী্র তথা কুশ কীল তরীকেনী কারকীর্দী মেী. তেমনা পত্নী ঝেরবাএ বে সংতানো - ১৯০৪মাং মণীবেন তথা ১৯০৬মাং ডাহ্যাভাঈনে জন্ম আপ্যো. গুজরাতমাং জ্যারে ব্যুবোনিক প্লেগনো আতংক ছাযো হতো ত্যারে ল্লভভাঈএ তেমনা এক মিত্রনী সুশ্রুষা পণ করী হতী, পণ জ্যারে তেমনে পোতানে তে রোগ থযো ত্যারে তেমণে তরতজ পোতানা কুটুংবনে সুরক্ষিত স্থানে মোকলী দঈ পোতে ঘর ছোডীনে নডীআদ স্থিত খালী ঘরমাং জঈনে রহ্যা (বীজা ৃত্তান্ত প্রমাণে তেমণে আ সময জীর্ণ থঈ গযেলা মংদিরমাং ্যতীত কর্যো হতো) কে জ্যাং তেও ধীরে রহীনে সাজা থযা.  ল্লভভাঈএ গোধরা, বোরসদ তথা আণংদমাং কীলাত করতী খতে পোতানী করমসদ স্থিত াডীনী নাণাংকীয জাবদারী পণ উপাডী লীধী হতী. জ্যারে তেমণে ঈংগ্লেন্ড জঈনে ভণা জেটলা পৈসা ভেগা করী লীধা ত্যারে তেমণে ত্যাং জা মাটে পরানো তেমজ টীকীট বুক করাী কে জে তেমনা ী. জে. পটেল না সংক্ষীপ্ত নামে তেমনা মোটাভাঈ িঠ্ঠলভাঈ পটেলনে ত্যাং আী. িঠ্ঠলভাঈনী পণ ঈংগ্লেন্ড জঈ ভণানী যোজনা হতী অনে তেথী তেমণে তেমনা নানা ভাঈ ল্লভভাঈ নে ঠপকো আপতা কহ্যুং কে মোটো ভাঈ নানা ভাঈনী পাছ জায তে সারুং না লাগে অনে ত্যারে সমাজমাং কুটুংবনী আবরুনে ধ্যানমাং রাখী ল্লভভাঈএ তেমনা মোটা ভাঈনে তেমনী জগ্যাএ জা দীধা. তেমণে তেমনা মোটা ভাঈনো ঈংগ্লেন্ড খাতেনো খর্চ উপাড্যো অনে তে উপরাংত পোতানা ধ্যেয মাটে পণ বচত করা মাংডী.  ১৯০৯মাং ল্লভভাঈনা পত্নী ঝেরবানে কেংসর মাটেনী শস্ত্রক্রিযা মাটে মুংবঈনা মোটা রুগ্ণালযমাং ভরতী করামাং আ্যা. তেমনী তবীযত অচানক ণসী অনে তেমনী উপর করেলী তাত্কালীক শস্ত্রক্রিযা সফ হোা ছতাং তেমনুং রুগ্ণালযমাংজ দেহাংত থযুং. ল্লভভাঈনে তেমনা পত্নীনা দেহাংতনা সমাচার আপতী চবরখী জ্যারে আপামাং আী ত্যারে তেও ন্যাযালযমাং এক সাক্ষীনী উলট-তপাস করী রহ্যা হতা. বীজাওনা ৃত্তান্ত প্রমাণে কে জেমণে তে ঘটনা নিহাী হতী, ল্লভভাঈএ তে চবরখী াংচী তেমনা খীসামাং সরকাী দীধী অনে সাক্ষীনী উত্কট তপাস চালু রাখী অনে তেও তে মুকদ্দমো জীতী গযা. তেমণে বীজাওনে তে সমাচার মুকদ্দমো পত্যা পছীজ আপ্যা হতা.ল্লভভাঈএ পুনঃলগ্ন নহীং করানুং নক্কী কর্যুং হতুং. তেমণে তেমনা বাকোনো উছের কুটুংবনী মদদথী কর্যো তথা মুংবঈ স্থিত অংগ্রেজী মাধ্যমনী শাামাং ভণা মুক্যা হতা. ৩৬ র্ষনী উংমরে তেও ঈংগ্লেন্ড গযা তেমজ লংডননী মিডল টেম্পল ঈন্ন খাতে ভরতী থযা. মহািদ্যালযমাং ভণানো জরায অনুভ ন হোা ছতাং তেমণে ৩৬ মহীনানো অভ্যাসক্রম ৩০ মহীনামাং পতাী র্গমাং পহেলা স্থানে আ্যা. ভারত পাছা আী তেও অমদাাদমাং স্থাযী থযা তথা শহেরনা এক নামাংকিত বরিস্টর বন্যা. তেও যুরোপিয শৈলীনা কপডাং পহেরতাং তথা িেকী শিষ্টতা জাতা অনে তেও ব্রিজ রমতনা মাহের খেলাডী পণ থযা. তেমণে এী মহত্কাংক্ষা কেেলী তে জেমাং তেমনে পোতানী কীলাতথী খুব পৈসা ভেগা করী তেমনা বাকোনে আধুনিক শিক্ষণ আপুং হতুং.  তেমনী পোতানা মোটা ভাঈ িঠ্ঠলভাঈ সাথে এক সমজুতী হতী কে জেনা থকী তেমনা মোটা ভাঈ মুংবঈ প্রেসিডংসীমাং রাজকারণী তরীকে উতরে অনে তে সমযে ল্লভভাঈ ঘরনী জাবদারীও পুর্ণ করে.', 'bn');
INSERT INTO `passage` (`id`, `content`, `test_id`) VALUES
(12, 'ই.স. ১০৯৪মাং ১৩ র্ষনী নানী উংমরে পিতা কর্ণদেনুং বিমারীনা লীধে মৃত্যু থাথী, সিদ্ধরাজ গুজরাতনী গাদী পর আ্যো. মহমদ গঝনী না গুজরাত পরনা আক্রমণনে হজু ভূলাযুং ন হতু অনে গুজরাতনী ত্যারনা শক্তিশাী রাজ্য মাা (অংতী) সাথে দুশ্মনী প্রখ্যাত হতী. ী গুজরাতমাং জ জূনাগঢনা রাজী রা''নঘণে কর্ণদেনা মৃত্যু পছী গুজরাত সামে স্তংত্রতা ঘোষিত করী হতী. আা প্রতিকূ সমযমাং তেণে রাজ্য কারভার সংভা্যো. সিদ্ধরাজ জযসিংহনো কার্যকা গুজরাতনো সুর্ণযুগ গণায ছে. তেনী ফেলানা রাজীও মুরাজ, ভীমদে, কর্ণদে গেরে চক্রতী ন থযা. পণ সিদ্ধরাজে তে পদ মে্যুং হতুং. তেনী আ সিধ্ধিমাং তেনাং মংত্রীও মুংজাল মহেতা, দাদক, মহাদে, শাংতনু গেরে এ খুব মোটো ভাগ ভজ্যো হতো. আ উপরাংত তেনা কাকানা দিকরা ত্রিভুনপা, সেনাপতী কেশ তেনাং রাজ্যসত্তানা অণনম স্তংভ হতাং. তেনাং উছেরমাং তেনী মাতা মীনদেীনো খুব মোটো ভাগ হতো. সিদ্ধরাজ প্রজাত্সল রাজা হতো. তেনে গুজরাতনী প্রজানে ীর িক্রমনী রাজ্য্যস্থানুং দর্শন করা্যুং হতুং. মধরাতে েশবদলী নগরছর্যা জোা জুং, নিষ্পক্ষ ন্যায আপো জোং কৃত্যোএ তেনে দংতকথানুং পাত্র বনাী দীধেল ছে. তেনী লশ্করী কারর্কির্দীনো প্রারংভ থযো বর্বরকনে হরাীনে. দংতকথামাং বাবরাভূত তরীকে ওখাতা উত্তর গুজরাত নজীকনা আদিাসী রাজা বর্বরকনে হরাী তেণ বর্বরকজষ্ণুনু বিরুদ হাংসল কর্যু. এটলু জ নহী, আ বর্বরক জযসিংহনা জমণাং হাথনী ফরজ সারীনে তেনে অনেক প্রসংগে মদদরূপ থযো হতো.আ উপরাংত লোকোনা মতে দৈত্য মনাতা বরবরকনে শ করা বদল লোকো জযসিংহ পাসে কোই দৈী শক্তি হোানুং মানা লাগ্যা হতাং. আজে পণ রাজা জযসিংহ তেনা মূ নাম করতাং সিদ্ধরাজনা নামে জ ধু প্রখ্যাত ছে. সিদ্ধরাজ অনে বাবরানী জোডী ইতিহাসমাং প্রখ্যাত িক্রম-েতালনী জোডী সমান গণায ছে. জূনাগঢনা রা'' নঘণনা অসান বাদ গাদী পর আেলা রা''খেংগারে পাটণ সামে বংড পোকার্যু. এটলু জ নহীং, জ্যারে সিদ্ধরাজ যাত্রা পর হতো ত্যারে পাটণনা কিল্লানো দরাজো তোডী ভাগী জানু দুসাহস কর্যুং. এনী সজারূপে সিদ্ধরাজে জূনাগঢ সামে যুধ্ধ জাহের কর্যু. জো কে জূনাগঢনো কিল্লো জীতো মুশকেল হতো. পণ রা''না জ ভাণেজে গদ্দারী করতাং, সোলংকী সৈন্য কিল্লামাং দগাথী প্রেশ্যু অনে জূনাগঢ সর কর্যুং. আ যুদ্ধমাং সিধ্ধরাজে রা''খেংগারনে জীতো পকড্যো হতো. (আ বাবত পর এক দংতকথা বহু জ প্রচলীত ছে কে খেংগার সিদ্ধরাজনী প্রেমিকা রাণকদেীনে উঠাী নাসী গযো হতো অনে তেনু ের াা সিদ্ধরাজে জূনাগঢ ভাংদ্যু, তেমজ রা'' অনে তেনাং নানা নানা বে পুত্রোনো ধ কর্যো. এটলু জ নহীং খেংগারনী পত্নী বনী গযেলী পোতানী প্রেমিকা রাণকনে পোতানী সাথে লগ্ন করা বজবরী পণ করী. আখরে রাণক ঢাণ পাসে সতী থই. জো কে আ মাত্র দংতকথা জ ছে. তেনে কোই ঐতিহাসিক প্রমাণ ম্যুং নথী. পণ সৌরাষ্ট্রমা তে বহু জ প্রচলীত ছে. তে কদাচ সিদ্ধরাজে সৌরাষ্ট্রনা রাজীনে হরা্যো তেথী সিদ্ধরাজনু চারিত্র্যখংডন করী হলকো চিতরানো প্রযাস হোয.) আ উপরাংত সিদ্ধরাজে লাট (হালনুং দক্ষিণ গুজরাত) সাথে িগ্রহ খেলী তে তরফনী কনডগতনো কাযম মাটে অংত আণ্যো হতো. সিদ্ধরাজে কোংকণনা রাজানে পণ যুদ্ধমাং হার আপী পোতানো সামংত বনা্যো হতো. উত্তরমাং অর্বুদামংড (আবু), নডূল গেরেনে কাযম মাটে গুজরাতমাং ভে্ী দীধা হতাং. উপরাংত শাকংভরী (সাংভার কে অজমের)না অর্ণোরাজনে পণ পোতানা তাবা হেঠ লা্যো হতো. পোতানী পুত্রী কাংচনদেীনা লগ্ন তেনী সাথে করাী পোতানো জমাই বনা্যো হতো. (আ কাংচনদেী নো পুত্র তে সোমেশ্র কে জেণে গুজরাতনী মদদথী রাজগাদী মেী হতী. অনে আ সোমেশ্রনো পুত্র এটলে ভারতপ্রসিদ্ধ পৃথ্ীরাজ চৌহাণ. আম পৃথ্ীরাজ সিদ্ধরাজনো প্রপৌত্র থায.) সিদ্ধরাজনো ইতিহাস প্রসিদ্ধিজয এটলে মাািজয. র্ষোথী পাটণনা েরী মাানে তেণে সজ্জড হার আপী হতী. এটলুং জ নহীং অংতী(মাানুং বীজুং নাম)না রাজা যশোর্মানে কাষ্টনা পিংজরমাং বেসাডী সমগ্র পাটণশহেরমাং ফের্যো হতো. অনে তেনে পদভ্রষ্ট করী পোতানা িষ্াসু মহাদে মংত্রীনে অংতীনো দংডনাযক নিম্যো হতো. অহীংযা এ বাবত ধ্যানমাং লোং জেী ছে কে পরাজীত রাজানে পোতানো সামংত বনাী তেনে ফরী রাজ আপানী পরংপরানো সিদ্ধরাজে অংত আণ্যো হতো. আম তেনো রাজ্য িস্তার উত্তরমাং সাংভার সুধী, দক্ষিণমাং কোংকণ, পূর্মাং অংতী অনে পশ্চিমমাং সিংধ সুধী হতো. জো কে বুংদেলখংডনা রাজা সাথেনা যুধ্ধমাং তেনো পরাজয পণ থযো হতো. পণ তেন কোই অসর তেনাং রাজ্য পর পডী ন হতী.  সিদ্ধরাজ এক প্রজাত্সল রাজা হতো. লোকোনা দুঃখনে জাণা মধ্যরাত্রীএ েশপলটো করীনে নগরচর্যা করতাং হতাং. সিদ্ধপুরনা রুঢ্রমানুং পণ তেণে জীর্ণোধ্ধার করা্যো হতো. পাটণমাং সহর্ত্রলীংগ তা বংধা্যুং. তেনা ন্যাযনী খ্যাতী দূরদূর সুধী হতী. পোতানী মাতানা এক শব্দে সোমনাথনী যাত্রা পরনা েরানে দূর করী ৭২ লাখ জেটলী আক জতী করী হতী. সিদ্ধরাজ সাহিত্যনো পণ শোখীন হতো. অনেক িদ্ানোনে তেণে রাজ্যাশ্র্য আপ্যো হতো. অংতীনে হরাীনে তেনী িদ্তানে গুজারত তরফাি ছে. তেনা সমযমাং থই গযেলা মুনি হেমচংদ্রাচার্যে সিদ্ধরাজনী জ প্রেরণাথী গুজরাতী ্যাকরণনা নিযমোনী রচনা করী. তেমনা গ্রংথ ''সিদ্ধহেমশব্দানুশাশন''নে পোতানা রাজহস্তি পর মুকাী সমগ্র শহেরমাং শোভাযাত্রা কাঢী হতী. রাজা অনে তেনা মংত্রীও পগপাা হতাং. সরস্তীনী আী পূজা কে জে গুজরাতে করী তে ভূতকামাং কোইএ করী ন হতী কে ভিষ্যমাং কোই করী শকশে. জো কে আটলী বধী সিদ্ধি হোা ছতাং, সিদ্ধরাজ অপুত্র হতো. সংতানমাং এক পুত্রী জ হতী, কাংচনদেী. আথী তেনা উত্তরাদিকারীনী চিংতা হমেশা তেনে সতাততী হতী. আ উপরাংত তেনে এক প্রপন্ন পুত্র নিলকদে হোানী পণ মান্যতা ছে. সিদ্ধরাজ অপুত্র অস্থামাং জ মৃত্যু পাম্যো, ত্যারে পণ তেনা উত্তরাধিকারীনো প্রশ্ন উকেলাযো ন হতো. আথী তেনী পাদুকানে রাজসিংহাসন পরমুকী ১৩দিস রাজ্য চলাামাং আ্যুং. তেনা রাজ্যনা ারসদারোমাং তেনো প্রপন্নপুত্র তিলকরাজ, দোহিত্র সোমেশ্র, ভত্রীজা মহিপাল, কুমারপা গেরে হতাং. আ সহুনে পাছ রাখী জৈনসমাজনা আগোনোনী মদদ মেী কুমারপাে রাজ্যসত্ত গ্রহণ করী হতী.', 'bn'),
(13, '“কলা” এ শব্দনো তাজেতরনো মুখ্য অর্থ সামান্যরীতে সর্জনাত্মক কলা অথা ললিত কলানুং সংক্ষিপ্ত রূপ ছে. অহীং অমারো অর্থ এ কে কলাকারনী সর্জনাত্মক অভি্যকত করা মাটে, অথা প্রেক্ষকোনী সৌংদর্য লক্ষী সংেদনাওনে রোকা মাটে অথা প্রেক্ষকোনুং ধ্যান ধু "শুদ্ধ" স্তুওনী িচারণা প্রত্যে দোরা মাটে কৌশল্যনো উপযোগ করামাং আতো হোয ছে. অমুক খত, জো কৌশল্যনো উপযোগ কার্যলক্ষী স্তুমাং করামাং আে, তো লোকো তেনে কলানে বদলে হুন্নর তরীকে গণী লেশে, হস্তকৌশলনা ঘণা বধা সমকালীন িচারকোএ আ সূচন প্রত্যে উগ্র িরোধ দর্শা্যো ছে এী জ রীতে, কোঈ কৌশল্যনো উপযোগ াণিজ্যক অথা ঔদ্যোগিক রীতে করামাং আতো হোয তো তেনে কলানে বদলে ডিঝাঈন গণী শকায, অথা তেথী ঊলটুং, আ তমামনে কদাচ প্রযোজিত কলা তরীকে কহোতী কলানা রূপো তরীকে ঘটাী শকায. অমুক িচারকোএ, তেনা দৃষ্টাংতরূপে, এী দলীল করী ছে কে ললিত কলা অনে প্রাযোজিত কলা চ্চেনা তফাতনে কোঈপণ স্পষ্ট ্যাখ্যালক্ষী তফাত করতা স্তুনা াস্তিক কার্য সাথে ধু সংবংধ রহেলো ছে. কলানো সামান্য রীতে এো সূচিতার্থ থায ছে কে কোঈ িচার অথা কল্পনানুং সংপ্রেষণ করা পূরতুং জ কোঈ কার্য করুং.  সনে 1912না উত্তরার্ধ সুধী পাশ্চাত্য িচারসরণীমাং এী এক সামান্য ধারণা হতী কে তমাম কলানো ধ্যেয সৌংদর্য হোয ছে, অনে আী রীতে, সুংদর বনানো প্রযাস ন করতী হোয তেী কোঈপণ স্তুনে কলা তরীকে গণাী শকায নহি. ক্যূবীস্ট, ডাডাাদীও, স্ট্রািন্স্কী, অনে ত্যারবাদনী কলা চোমাং সৌংদর্য কলানী ্যাখ্যা কেন্দ্রমাং রহী হতী, ডান্টোমাং মংত্য মুজব, "সৌংদর্য 1960নী আধুনিক কলামাংথী অদ্রশ্য থঈ গযুং ছে এটলুং জ নহি পরংতু তে দাযকানী কলানা আধুনিক তত্ত্জ্ঞানমাংথী পণ অদ্রশ্য থঈ গযুং ছে." কদাচ, অভি্যকিত জেী (ক্রোসেনা সিধ্ধাংতোমাং) অথা "প্রতি-পর্যারণ" (মেকলুহাননা সিধ্ধাংতোমাং) ধারণানে সৌংদর্যনে তেনী পহেলানী ভূমিকানে বদলে মূকী শকায. ব্রাযন মঝূমীএ “সৌংদর্য” নে “অভি্যকিত” সহিতনী কল্পনামাং মূকী আপী. অন্য এক িভানা জে কানা তত্ত্জ্ঞান মাটে সৌদর্য জেটলী জ মহত্নী ছে তে ছে শ্রেষ্ঠতা, জেনুং িস্তারপূর্ক র্ণন ীসমী সদীনা পোস্টমোর্ডন তত্ত্চিংতক জীন ফ্রান্কোইস লিওটার্ডে দ্ারা করামাং আ্যুং হতুং.  কদাচ কলানী ধু কোঈ ্যাখ্যা (কেনিকনা সিধ্ধাংতো মুজব) শকয জ নথী. কদাচ কলানে িট্জেন্স্টেঈনিযন প্রণালীমাং সংবংধিত িচারোনা সমুচ্চ তরীকে গণাতী জোঈএ (িট্ঝ অথা ব্যূঝ মুজব). বীজো অভিগম এম কহে ছে কে “কলা” মূভূত রীতে সামাজিক কক্ষা ছে, এটলে কে কলা ভনো অনে সংগ্রহালযো তথা কলাকারো কলা তরীকে জে কংঈ ্যাখ্যাযিত করে তেনে ঔপচারিক ্যাখ্যাও ধ্যানমাং লীধা গর কলা জ গণাী. আ "কলানী সংস্থাগত ্যাখ্যা” নে জযোর্জ ডিকীএ প্রথম হরোমাং স্থান আপ্যুং ছে (ঈন্স্টীটযুশনল ক্রিটীকনো সংদর্ভ পণ লেো). এন্ডী ার্হোল অনে মার্সেল দুচেম্পে (অনুক্রমে) কোঈ ব্রিলো বোক্সনা কে যুরিনল র্ণননে কলানা সংদর্ভমাং (এটলে কে আর্ট গেলেরীনা সংদর্ভমাং) মূকযুং ন হতুং ত্যাং সুধী মোটাভাগনা লোকো তেনে কলা তরীকে গণতা জ ন হতা, ত্যারবাদ, কলানী ্যাখ্যা করতা হোয তো সাহচর্য সাথে আ স্তুওনে সাহচর্য আপামাং আ্যুং.  প্রক্রিযাাদীও অমুক খত এুং সূচে ছে কে জেনা দ্ারা কলানী কৃতিনুং সর্জন থতুং হোয অথা জেনাথী তে কলা বনতী হোয তে জোানী এক প্রক্রিযা হোয ছে, পরংতু কোঈ স্তুমাং কলা তরীকেনুং সাহজিক লক্ষণ নথী হোতুং, অথা লোকোনে তেনো পরিচয করা্যা বাদ কলাজগতনী সংস্থাও তেনে কঈ রীতে স্ীকারে ছে তে কলা নথী. এটলে কে ভিষ্যমাং পোতানে িস্তৃত লেখ লখানা আশযথী কোঈ পত্রকার অমুক চোক্কস শব্দসমূহ লঘুলিপীমাং লখী রাখে তো তে কিতা নহীং গণায. জযারে বীজী বাজু, লীও টেল্সটোয এো দাো করে ছে কে কোঈ স্তু কলা ছে কে নহি তে প্রেক্ষক কে দর্শকনে কেী অনূভূতি থায ছে তেনা পর অলংবে ছে, নহি কে সর্জকনা উদ্দেশ পর. মনরো বিযর্ডস্লে জো কার্যৃত্তিাদীও এী দলীল করী ছে কে কোঈ কৃতি কলা তরীকে গণায কে নহি তে চোক্কস সংদর্ভমাং তে শুং কার্য করে ছে কঈ ভূমিকা ভজে ছে তেনী পর আধার রাখে ছে; কোঈ সুংদর ফূলদানী কোঈ এক চোক্কস সংদর্ভমাং কলাত্মক ন হোয তো (এটলে কে াঈন ভরানা) কামমাং পণ আে অনে বীজা কোঈ সংদর্ভমাং কলাত্মক কার্যমাং (এটলে কে মানাকৃতিনী সুংদরতানী প্রশংসা করামাং মদদ করা মাটে পণ) প্রযোজী শকায. ''', 'bn'),
(14, '১৯২৫মাং গুজরাতনা বারডোলীমাং পুর আ্যুং অনে ভূখমরো ফেলাযো. আনে পরিণামে খেতী পর অসর পডী অনে খেডূতোনে খূব আর্থিক মুশ্কেলী পডা লাগী. মুংবঈ ইলাকামাং দর ৩০ র্ষে খেডূতোনী আর্থিক স্থিতিনী তপাসকরী জমীনমহেসুলনী আকারণীমাং সুধারো করানী রীত প্রচলিত হতী. বারডোলী তালুকামাং ছেল্লে ঈ.স. ১৮৯৬মাং আী আকারণী করামাং আী হতী. ঈ.স. ১৯২৬মা িন অনুভী অমলদার দ্ারা খোটী আকারণী করী ২৩ গামোনে উপলা র্গমাং মূকী জমীন মহেসুলমাং ৩০% নো ধারো ঝীংকী দীধো জে অন্যাযী হতো অনে আা অন্যাযী ধারানো নরহরি পরীখনা অধ্যক্ষপদে নীমেলী সমিতিএ তেনে সচোট প্রমাণভূত রদিযো আপ্যো. সরকারে নাগরিক সংগঠনো দ্ারা মুকামাং আেলী কর রাহতনী অরজীওনে পণ নামংজূর করী দীধী. খেডূতনী স্থিতী অত্যংত দযনীয হতী. জ্যারে তেমনে পোতানে খাানা সাংসা হতা ত্যাং কর ভরা মাটে তেমনী পাসে পাক কে কোঈ অস্কাযত ক্যাংথী হোয?  গুজরাতনা সামাজীক কার্যকরো জো কে নরহরী পরীখ, রি শংকর ্যাস অনে মোহনলাল পংড্যা এ গামডাওনা সরপংচো অনে খেডূতো সাথে চর্চা করী গুজরাতনা প্রমুখ স্াতংত্র্য সেনানী সরদার ল্লভভাঈ পটেলনী মদদ লোনুং নক্কী কর্যুং. আনী পূর্ে থযেলী খেডা জিল্লানী খেডূতোনী চমাং সরদার পটলে মার্গদর্শন কর্যুং হতুং. তেও হালমাং জ অমদাাদনী নগর পরিষদনা প্রমুখ পণ বন্যা হতাং. সমগ্র রাজ্যমাং সামান্য গুজরাতীও দ্ারা তেমনে খূব মাননী নজরে জোাতা হতাং. বারডোলী সত্যাগ্রহ - সরদারশ্রী অনে গাংধীজী  পটেল এ খেডূতোনে মুক্ত মনে খেডূতোনা শিষ্ট মংডনে পূছ্যুং কে ক্রাংতি পরিণামো কো হোঈ শকে তেনী তেমনে জাণ ছে কে? জো সহভাগী গামডানা লোকোনী আ চ মাটে একমতে সহেমতী অনে ভাগীদারী হশে তোজ তেও তেমনুং নেতৃত্ করশে. কর ন ভরাথী তেমনী অস্কাযতো পর কব্জো থঈ শকে, তেমনী জমীন পণ ছীনঈ শকে অনে তেমণে জেলমাং পণ জুং পডে. তেও সংপূর্ণ িনাশনে আরে পণ পহোংচী শকে ছে. তে াত তেমণে লোকোনে বতাী. গামডানা লোকোএ তেমনে জণা্যুং কে কোঈ পণ সংজোগোনো সামনো করা তেও তৈযার ছে পণ তেও স্রকারনো অন্যায সহন নহীং করে.  ত্যার বাদ ল্লভভাঈ পটেলে গাংধীজীনে আ মুদ্দো হাথ লো জণাী. জে াত সরদার পটেলে পূছী হতী তেজ াত গাংধীজীএ তেমনে পূছী অনে সরদার পটেলে আত্মিশ্াস সাথে তেনো জাপ আপতাং গাংধীজীএ আগ ধাা আশীর্াদ আপ্যাং. এক াত পর সহেমতী রহী কে রাষ্ট্রীয মহাসভা কে গাংধীজী সীধী রীতে আ চমাং শামিল থশে নহী অনে আ চনো সংপূর্ণ মদার অনে দাযিত্ বারডোলী তালুকানা লোকোনী রহেশে.  সৌ প্রথম সরদার পটেলে মুংবঈনা গর্নরনে আপেল প্রাকৃতিক িপদাওনে কারণে করেরামাং রাহত মাংগতো পত্র লখ্যো. পণ গর্নরে তে পত্রনী অগণনা করী অনে উলটা কর জমা করানী তারীখনী ঘোষণা করী.  ল্লভভাঈএ তা. ১২-০২-১৯২৮ থী সত্যাগ্রহনী আগোনী লীধী. ল্লভভাঈএ বারডোলী জঈ মুখ্য কার্যকরোনী ছাণী ঊভী করী অনে দরেকনা িভাগপতি নীম্যা. মোহনলাল পংড্যা, রিশংকর মহারাজ, সুমংত মহেতা, জুগতরাম দে, ডো.চন্দুলাল দেসাঈ(ছোটে সরদার), বংতরায মহেতা, কল্যাণজী কুরজী িগেরে কার্যকরোএ লডতনা মোরচা সাংভ্যা. "সত্যাগ্রহ পত্রিকা" নিযমিত প্রগট করানী জাবদারী জুগতরাম কাকা, প্যারেলাল, চীমনলাল ভট্ট অনে মগনভাঈ দেসাঈএ সাংভী. ল্লভভাঈনা জুস্সাদার অনে হিমংতভর্যা ভাষণোথী খেডূতোমাং শুরাতন প্রগট্যুং. জমীনো অনে মিলকতো জপ্ত থা ছতাং খেডূতোএ খমীর জা্যুং. দেশভরনা লোকোএ "বারডোলী দিন" উজীনে খেডূতো প্রত্যে সহানুভুতি দর্শাী.  ত্যার বাদ সরদার পটেলে বারডোলী তালুকানা সৌ খেডূতোনে কর ন ভরানী সলাহ আপী. পরীখ, ্যাস অনে পংড্যানী মদদ ডে তেমণে সমগ্র বারডোলীনে নানা বিভাগমং হংচী দীধো অনে দরেক ভাগমাং স্যংসেকো ফা্যা. আ সাথে সরকারী অধিকারীওনী হাল চাল পর নজর রাখা তেমণে সরকার থী নজীক হোয তো গুজরাতী কর্যকরো পণ গোঠ্যা.  আ বধাথী উপর ল্লভভাঈএ সৌ খেডূতোনে অহিংসক রহো খাস চেতণী আপী অনে সরকারী অধিকারী দ্ারা কোঈ পণ প্রকারজো দমন করতাং কোঈ পণ প্রতিঘাত ন করা জণা্যুং. তেমণে খেডূতোনে খাত্রী আপী কে মাত্র ক্র মাফী জ নহী পণ জ্যং সুধী খেডূতোনে তেমনী জপ্ত করেলী জমীন পাছী নহীং মে ত্যাং সুধী আংদোলন চালু রহেশে.  বারডোলীনা খেডূতোনে সমগ্র গুজরাতনা সাথীও তরফথী টেকো ম্যো. ঘণাং খেডূতোএ তেমনী মিল্কত আদি তেমনা সগা সংবংধীও পাসে সংতাডী দীধী হতী. রাজ্যনা অন্য লোকো তরফথী তেমনে আর্থিক মদদ অনে জীন জরূরিযাতনী স্তুও মী হতী. পণ সরদার পটেলে গুজরাত অনে বহারনা অন্য লোকো দ্ারা সাংত্ন িরোধ শরূ করানী সাফ মনাঈ করী.  সরকরে জাহেরাত করী কে তে আ চনে দাবী দেশে. খেডূতোনী জম্নীন মিল্কত জপ্ত করা অনে ডরাা মাটে করেরানা ঈন্সপেক্টর সাথে ায্য ভরতমাংথেএ পঠাণনী টোীওনে মোকলামাং আ্যাং. পঠাণো অনে কলেক্টরনা মাণসো লোকোনা ঘরোমাং বজবরীথী ঘূসী জতাংঅ নে তেমনী স্তুও অনে ঢোর পণ লঈ জতাং.  সরকারে খেডূতোনী জমীন অনে ঘরোনী লীলামী শরূ করী, পণ গুজরাত কে ভারতমাংথী এক পণ মাণস তেমাং ভাগ লো আগ আ্যো নহীং. সরদার পটেলে স্থিতী পর নজর রাখা দরেক গামমাং স্যং সেকো নীম্যা হতাং. জো কোঈ গামমাং অধিকারীও লীলামী মাটে আতাং জোতা কে স্যং সেকো ব্যুগল গাডতা. তে সাংভী খেডূতো গাম ছোডীনে আসপাসনা জংগলমাং সংতাঈ জতাং. অধিকারীওনে সংপূর্ণ গাম খালী মতুং. অনে কযুং ঘর কোনী মালিকীনুং ছে তেনী তেমনে ক্যারে পণ খবর পডতী নহীং.  তেম ছতাং মুংবঈ না অমুক অমীর লোকো জমীন খরীদা মাটে আ্যাং হতাং. অনে এক গামে কর েরো ভর্যো হোানুং পণ নোংধাযুং ছে. তে গাম সামে সংপূর্ণ সামাজিক বহিষ্কার শরূ করাযো অনে তেমনী সাথে লোকোএ সংবংধ তোডী নাখ্যাং.  মুংবঈ অন্মে ভারতনী অন্য স্থোনা িধান মংডো না সভ্যো খেডূতো পর করাযেল অত্যাচারনে কারণে ক্রোধে ভরাযা হতাং. ভারতীয সভ্যোএ তেমনা পদ পরথী রাজীনামা আপ্যাং অনে খেডূতোনে টেকো জাহের কর্যো. সরকারনী প্রখর নিংদা থঈ. ব্রিটিশ রাজনা কার্যালযোএ জ পোতে সরকরনো িরোধ কর্যো.  গাংধীজী "নজীন" মাং লেখো লখীনে দোরণী আপতা, রিশংকর মহারাজ, শিানংদজী, অমৃতলাল গেরেনে কেদনী সজা করামাং আী সরকারনা জুল্মোএ মাংঝামুকী ত্যারে পটেল-তলাটীওনা রাজীনামাং পাডা লাগ্যা. লডত না খর্চনে পহোচী া ল্লভভাঈএ ফাানী টহেল নাখতা নাণানো রসাদ রস্যো.', 'bn'),
(15, 'আঠমী সদীনো নারা কা এক শক্তিশাী জাপান রাজ্যনা উদ্ভনো সাক্ষী হোাথী তে এক সুর্ণ কা তরীকে ওখায ছে. ই.স ৭১০ মাং জাপাননী রাজধানী আসুকাথী নারা খসেডাই গই.[১৯] হোল (ই.স ১৯৬৬) না তারণ প্রমাণে "জাপান পাংচমী সদীনা উজি না এক নবা সংঘ মাংথী আঠমী সদী মাং শাহী চীননে টক্কর আপে তো সাম্রাজ্যমাং পল্টাই গযুং হতুং. রাজ্যনা না সিদ্ধাংত অনে সরকারনী নী সংরচনা এ জাপানী সার্ভৌমনে এক নিরপেক্ষ শাসকনী শৈলী অনে সত্তাথী সহাযতা করী." পারংপরিক, রাজকীয অনে আর্থিক পদ্ধতিও হে তার্কিক রীতে সংরচিত প্রক্রিযাও দ্ারা আযোজিত করাতী জে কাযদেসর জুদা-জুদা কার্যো অনে িধিওনী ্যাখ্যা করতী. জমীননুং সর্েক্ষণ থতু অনে রাজ্য সাথে নোংধণী থতী. এক শক্তিশাী অনে না উচ্চতম র্গনো জন্ম থযো. আ উচ্চতম র্গ রাজ্যনুং শাসন করতুং অনে কার্যক্ষম রীতে সূল করাযেলা কর তেনে টেকো আপতা. সরকার এ কচেরীও, মংদির, রস্তা অনে সিংচাই সিস্টম জোং ঘণাং বাংধকাম কর্যাং. গ্রামীণ স্তী চ্চে জমীন মালিকী ফেলাা মাটে রচাযেল জমীন হক অনে করনী এক নী পদ্ধতি শরু থই. আী ফাণীও সামান্যপণে লগভগ এক একর জেটলী মোটী রহেতী. জোকে, তেও একরনা দসমাং ভাগ জেটলী নানী পণ হোয শকতী. তেম ছতাং, দর পাংচ র্ষে জ্যারে স্তীগণতরী করামাং আতী ত্যারে গুলামো মাটেনী ফাণীওনী সমীক্ষা করামাং আতী.  আ কা দরম্যান ঘণো সাংস্কৃতিক িকাস থযো. টূংক সমযমাং, চার সদীও সুধী চালাাা নারা কানা লক্ষণ তরীকে পছী প্রসিদ্ধ থনারী কেটলীক নী অদ্ভুত অভি্যক্তিও বহার আী.  সাম্রাজ্ঞী গেম্মেই দ্ারা এক শাহী জাহেরনামা নাং পগলে, ই.স ৭১০ মাং হালনা নারামাং স্থিত হেইজো-ক্যো (হেইজো মহেল) নে পাটনগর বনাামাং আ্যুং. আ শহেরনী সংরচনা চীনী তাংগ রাজংশ নী রাজধানী চাংগান্ (হাল ঝিআন্) পর আধারিত হতী.  নারা কা নী রাজনীতিক গতিিধিওমাং জাপানী শাহী পরিারনা বৌদ্ধ পাদরীও সাথে, তথা তেওনা কারভারীও—ফুজীারা কু—সাথেনা সংঘর্ষনো সমােশ থায ছে. জাপান এ পোতানা পরংপরাগত শত্রুও—কোরিযন দ্ীপকল্প অগ্নেয কিনারা পর রহোাা সিল্লা লোকো —সাথে শাংতিপূর্ণ সংবংধো মাণ্যা. জাপান এ চীননা তাংগ রাজংশ সাথে পণ ঔপচারিক সংবংধো বাংধ্যা.  ই.স ৭৮৪ মাং, বৌদ্ধ পাদরীওথী ছটকা মাটে রাজ্ধানী ফরীথী নাগাওকা-ক্যো খসেডাই গই; অনে ই.স ৭৯৪ মাং হেইআন্-ক্যো খসেডাই, জে হালনুং ক্যোতো ছে. তে পছী ই.স ১৮৬৮ সুধী পাটনগর ক্যোতো জ রহোনুং হতু. ক্যোতো নাং ধার্মিক শহেরমাং, বৌদ্ধ ধর্ম অনে শিংতো ধর্মমাংথী এক সমধর্মী সিস্টম বনানুং শরু থযুং.  জাপানমাং ঐতিহাসিক লখাণ প্রারংভিক আঠমী সদী মাং কোজিকী (প্রাচীন বাবতো নী নোংধ, ই.স ৭১২) অনে নিহোন্ শোকি (জাপাননী গাথাও, ই.স ৭২০) জেী মোটী নোংধোনী রচনাথী পোতানা উচ্চতম স্তরে পহুংচ্যুং. আ নোংধো জাপাননা শরুআতনা সমযনুং দংতকথারূপ র্ণন আপে ছে, জে আজনা সমযমাং জাপানী পৌরাণিক কথাও তরীকে জাণীতী ছে. আ নোংধোমাং রহেলী দংতকথাও অনুসার, জাপান নী স্থাপনা ই.পূ ৬৬০ মাং ডীলোপার্জিত সম্রাট জিম্মু দ্ারা থই হতী, জে শিংতো কুদেী আমাতেরাসু (সুর্য দেী) নাং সগা ংশজ হতা. দংতকথাও এ নোংধ করী কে জিম্মু এ সম্রাটোনী এক শ্রেণীনী শরুআত করী জে আজ সুধী চালতী আে ছে. ইতিহাসকারো এী ধারণা করে ছে কে আ দংতকথাও কংঈক অংশে ঐতিহাসিক তথ্যোনুং র্ণন করে ছে, পণ হকীকতমাং খরা অস্তিত্মাং সৌথী পহেলা সম্রাট ওজিন্ হতা, জোকে তেওনা শাসননী তারীখ হজু অনিশ্চিত ছে. নারা কাথী লইনে ছেক অত্যার সুধী, অসলী রাজনীতিক সত্তা সম্রাটনা হাথমাং নথী রহী, পণ, জুদা-জুদা সমযে সভানা অমীর র্গ, লডাকূ সরদারো, লশ্কর, অনে, ধু তাজেতরমাং, জাপাননা ডাপ্রধাননাং হাথমাং রহী ছে. ৪৫০০ কিতাও না সংগ্রহ, মান্যোশু, নুং সংকলন পণ আ কানা অংতমাং ই.স ৭৫৯ মাং থযু হতু.', 'bn'),
(17, 'gujarati content 2', 'gu');

-- --------------------------------------------------------

--
-- Table structure for table `question`
--

CREATE TABLE IF NOT EXISTS `question` (
  `q_no` int(40) NOT NULL,
  `q_english` varchar(1000) NOT NULL,
  `q_name` varchar(1000) CHARACTER SET utf8 NOT NULL,
  `option_1` varchar(500) CHARACTER SET utf8 NOT NULL,
  `english_option_1` varchar(500) NOT NULL,
  `option_2` varchar(500) CHARACTER SET utf8 NOT NULL,
  `english_option_2` varchar(500) NOT NULL,
  `option_3` varchar(500) CHARACTER SET utf8 NOT NULL,
  `english_option_3` varchar(500) NOT NULL,
  `option_4` varchar(500) CHARACTER SET utf8 NOT NULL,
  `english_option_4` varchar(500) NOT NULL,
  `passage_id` int(11) NOT NULL,
  `answer_correct` int(11) NOT NULL DEFAULT '1',
  PRIMARY KEY (`q_no`),
  KEY `passage_id` (`passage_id`)
) ENGINE=InnoDB DEFAULT CHARSET=latin1;

--
-- Dumping data for table `question`
--

INSERT INTO `question` (`q_no`, `q_english`, `q_name`, `option_1`, `english_option_1`, `option_2`, `english_option_2`, `option_3`, `english_option_3`, `option_4`, `english_option_4`, `passage_id`, `answer_correct`) VALUES
(1, 'Which side of Hooghly river is Kolkata situated?', 'કોલકાતા શહર હુગલી નદીની કઈ બાજુ સ્થિત છે ?', 'પૂર્વ', '    East', 'પશ્ચિમ', 'West', 'ઉત્તર', 'North', 'દક્ષિણ', 'South', 6, 1),
(2, 'In terms of population,what is the rank of Kolakata internationally ?', 'આબાદી ક્ષેત્રે વિશ્વસ્તરે કોલકાતા કયા નંબર પર આવે છે ?', '૧', '1', '૨', '2', '૩', '3', '૮', '8', 6, 1),
(3, 'What is the average minimum temperature in Kolkata?', 'કોલકાતામાં સરેરાશ લઘુત્તમ તાપમાન કેટલું હોય છે? ', '૨૬.૮', '26.8', '૧૯ ', '19', '૩૦', '30', '૩.૫', '3.5', 6, 1),
(4, 'What is Kalvaishakhi?', 'કાલવૈશાખી એટલે શું?', 'ઉનાળાની શરૂઆતમાં થતું વાવાઞોડું', 'Cold wind storm in the beginning of summer', 'ઉનાળાની અંતે થતું વાવાઞોડું', 'Cold wind storm at the ending of summer', 'ઉનાળાની શરૂઆત માં થતું ધુમ્મસ', 'Fog in the beginning of summer', 'ઉનાળાની અંતે થતો વરસાદ', 'The rains at the ending of summer', 6, 1),
(5, 'Manavendra Mukhopadhyay is famous for:', 'માનવેન્દ્ર મુખોપાધ્યાય શાના માટે જાણીતા હતા?', 'રવીન્દ્રસંગીત', 'Ravindrasangit', 'નાઝરુલગીતી', 'Nazrulgiti', 'બેન્ડ મ્યુઝિક', 'Band Music', 'બ્રહ્મો સંગીત', 'Brahmo Sangit', 6, 1),
(6, 'What religious philosophy is encoded in Charyapad?', 'ચર્યાપદમાં  કયું ધાર્મિક તત્વજ્ઞાન છે? ', 'હિંદુ', 'Hinduism', 'બૌદ્ધ', 'Buddhism', 'મુસ્લીમ', 'Muslim', 'ખ્રિસ્તી', 'Christian', 7, 1),
(7, 'Who discovered Charyapad?', 'ચર્યાપદ કોણે શોધ્યું?', 'હરપ્રસાદ શાસ્ત્રી', 'Haraprasad Shastri', 'સુનીતીકુમાર ચટ્ટોપાધ્યાય', 'Sunitikumar Chattopadhyay', 'હલેન લુઇપાદ', 'Halen Luipada', 'મુહમ્મદ શહીદુલ્લાહ', 'Muhammad Sahidullah', 7, 1),
(8, 'How many verses are there in Charyapad?', 'ચર્યાપદમાં કેટલી કલમો છે?', '૧૦૦', '100', '૧૫૦૦', '1500', '૧૦૦૦', '1000', '૫૦૦', '500', 7, 1),
(9, 'When was Charyapad written?', 'ચર્યાપદના લેખ ને લઈને કઈ કઈ સાલ નો હોવાનો વાદવિવાદ દર્શાવ્યો છે ?', 'ઈ.સ. ૫૦૦ થી  ઈ.સ. ૮૦૦', '500 AD to 800 AD', 'ઈ.સ. ૧૦૦૦ થી ઈ.સ. ૧૮૦૦', '1000 AD to 1800 AD', 'ઈ.સ. ૮૦૦ થી  ઈ.સ. ૧૮૦૦', '500 AD to 1800 AD', 'ઈ.સ. ૮૦૦ થી ઈ.સ. ૧૦૦૦', '800 AD to 1000 AD', 7, 1),
(10, 'Why is Charyapad called the Sandhya Bhasha?', 'ચર્યાપદની ભાષા ને કેમ સંધ્યાભાષા કહેવાય છે?', 'કારણ કે તેના લેખ સંધ્યા કાલ માં લખાયેલા છે.', '', 'કારણ કે તે બહુ પ્રાચીન સમય માં લખાયેલી છે.', '', 'કારણ કે એમાં લખાયેલા લેખની ભાષા સમજવી અઘરી છે.', '', 'કારણ કે તેમાં થી બહુ બધી વર્તમાન સમયની ભાષા ઉત્પન થાય છે એવું માનવા માં આવે છે', '', 7, 1),
(11, 'What policy was adopted by Lord Curzon for the Northwest border provinces?', 'ઉત્તરી પશ્ચિમ સીમા પર આવેલા પ્રાંતો માટે કર્ઝનની શું નીતિ હતી?', 'તેમને બ્રીટીશ રાજમાં સામેલ કરવાની નીતિ', 'To include those provinces under the British rule.', 'તેમને સેના ની સહાયતા આપીને પરોક્ષ રીતે તેમની જમીન પર નિયંત્રણ મેળવવાની નીતિ', '', 'બ્રીટીશ વેપારના પ્રોત્સાહન માટે', '', 'આમાં થી એકે નહિ ', '', 8, 1),
(12, 'What was the main administrative contribution by Lord Curzon?', 'વહીવટમાં કર્ઝનનું મુખ્ય યોગદાન શું હતું?', 'એમને બહુ જ જટિલ અમલદારશાહીની સ્થાપના કરી', '', 'આઈ.એ.એસ. અધિકારીઓ જોડે થી કામની પ્રગતિ ની માહિતી લેવી', '', 'એમને જમીનદારી કાયદા ની સ્થાપના કરી ', '', 'આમાં થી એકે નહિ ', '', 8, 1),
(13, 'What is the contribution of Curzon in area of farming?', 'કર્ઝનનું કૃષિક્ષેત્ર માં સહુ થી મોટું યોગદાન શું હતું?', '૧', '', 'તેમને સરકાર માં એક કૃષિ ભાગ સ્થાપિત કર્યો અને એક સંશોધન સંસ્થા સ્થાપિત કરી ', '', '૩', '', '૪', '', 8, 1),
(14, 'Where is the Agricultural research institute established by Lord Curzon located?', ' કર્ઝને સરકાર દ્વારા લેવાતો ખેતી ની જમીન ઉપર નો કર કેમ ઘટાડ્યો?', 'કોલકાતા', 'Kolkata', 'ગુજરાત', 'Gujarat', 'બિહાર', 'Bihar', 'ઓરિસ્સા', 'Odisha', 8, 1),
(15, 'After the Curzon era what was the length of Indian railway lines in kms?', 'કર્ઝન ના કાર્યકાળ પછી ભારતીય રેલ્વે લાઈનની લંબાઈ કેટલી (કી. મી.માં) ?', ' ૨૭૦૦૦', '', ' ૬૦૦૦', '', '૨૧૦૦૦', '', '૩૩૦૦૦', '', 8, 1),
(16, 'Which political party dominated in 1971''s Bangladesh election?', 'કઈ રાજનૈતિક પાર્ટીને ૧૯૭૧ની ચૂંટણીમાં બહુમત મળ્યું હતું?', 'આવામી લીગ', '', 'મુસ્લીમ લીગ', '', 'રાષ્ટ્રીય સેવક સંઘ', '', 'આમાં થી એકે નહિ ', '', 9, 1),
(17, 'When did this war end?', 'આ યુદ્ધ ક્યારે પત્યું?', '1', '', '2', '', '3', '', '4', '', 9, 1),
(18, 'When and where did the Pakistan''s army accept its defeat?', 'પાકિસ્તાનની સેનાએ ક્યાં અને ક્યારે હાર માની?', '1', '', '2', '', '3', '', '4', '', 9, 1),
(19, 'What was broadcasted at 5 o''clock on 3rd December 1971?', 'પાકિસ્તાની રેડિયો ઉપર ૫ વાગે ૩જી ડીસેમ્બેર,૧૯૭૧ ના રોજ શું પ્રસારીત થયું?', 'ભારતે પશ્ચિમી પાકિસ્તાનની સરહદે હુમલો કર્યો', '', 'પશ્ચિમી પાકિસ્તાનની સેના એ પૂર્વ પાકિસ્તાનની સરહદ પાર કરી ', '', 'પશ્ચિમી પાકિસ્તાને ભારતની સરહદે હુમલો કર્યો ', '', 'ભારતીય સેનાએ પૂર્વ પાકિસ્તાનની સરહદ પાર કરી', '', 9, 1),
(20, 'When did Indian army cross eastern borders of Pakistan?', 'ભારતીય સેનાએ પૂર્વ પાકિસ્તાનની સરહદ પાર કરી', 'ભારતે પૂર્વી પાકિસ્તાન પર હુમલો સાધ્યો', '', 'મુક્તીયોદ્ધા ના આંતરિક હુમલાના કારણે પાકિસ્તાનની સેના ની દશા તુચ્છ થઇ ગયી ', '', '3', '', '4', '', 9, 1),
(21, 'What is Kanika''s speciality in Rabindra Sangit?', 'કનિકા ની રબીન્દ્રસંગીતની અંદર શેમાં ખાસિયત હતી?', 'અતુલપ્રસાદના ગીતો માં ', 'Songs by Atulprasad', 'બંગાળી કીર્તન ', 'Bangali kirtan', 'તાપ્પા', 'Tappa', 'દ્વીજેન્દ્રલાલ દ્વારા લખાયેલા ગીતો ', 'Songs by Dvijendralal ', 10, 1),
(22, 'What other genres of music apart from Rabindra Sangit did Kanika sing?', 'રબીન્દ્રસંગીત સિવાય કનિકા કયા પ્રકાર ના ગીતો ગાતી હતી?', 'બંગાળીકીર્તન', 'Bangalikirtan', 'અતુલ પ્રસાદ ના ગીતો  ', 'Songs by AtulPrasad', ' દ્વિજેન્દ્રલાલના ગીતો', 'Songs by Dvijendralal', 'રજનીકાંત સેનના ગીતો', 'Songs by Rajnikant Sen', 10, 1),
(23, 'Where did Kanika spend her childhood days?', 'કનીકાએ બાળપણના દિવસો ક્યાં વિતાવ્યા છે?', 'વિષ્ણુપૂર અને શાંતિનિકેતન', 'Vishnupur and Shantiniketan', 'સોનામુખી અને શાંતિનિકેતન', 'Sonamukhi and Shantiniketan', 'વિષ્ણુપુર અને સોનામુખી', 'Vishnupur and Sonamukhi', 'શાંતિનિકેતન', 'Shantiniketan', 10, 1),
(24, 'What nickname was given to Kanika by Rabindranath?', 'કનિકાને રબીન્દ્રનાથે કયું ઉપનામ આપ્યું હતું?', 'કનુ', 'Kanu', 'મનુ', 'Manu', 'મહોર', 'Mahor', 'આમાં થી એકે નહિ ', '', 10, 1),
(25, 'What did Kanika sing in her first radio show?', 'કનિકા એ રેડિયો પર ના તેના પહેલા શોમાં શું ગાયું હતું?', 'ઓબા તુમી પંચદશી', '', 'ભારતીથક સ્મૃતિ સોધાય', '', 'છાયા ઘણા ઈચ્છે બોને બોને', '', 'આમાં થી એકે નહિ ', '', 10, 1);

-- --------------------------------------------------------

--
-- Table structure for table `record_answer`
--

CREATE TABLE IF NOT EXISTS `record_answer` (
  `email_id` varchar(100) NOT NULL,
  `q_no` int(40) NOT NULL,
  `answer` int(11) NOT NULL,
  `time_elapsed` int(11) NOT NULL DEFAULT '0',
  PRIMARY KEY (`email_id`,`q_no`),
  KEY `email_id` (`email_id`,`q_no`),
  KEY `q_no` (`q_no`),
  KEY `q_no_2` (`q_no`),
  KEY `q_no_3` (`q_no`),
  KEY `q_no_4` (`q_no`),
  KEY `email_id_2` (`email_id`),
  KEY `q_no_5` (`q_no`)
) ENGINE=InnoDB DEFAULT CHARSET=latin1;

--
-- Dumping data for table `record_answer`
--

INSERT INTO `record_answer` (`email_id`, `q_no`, `answer`, `time_elapsed`) VALUES
('111', 1, 3, 0),
('111', 2, 1, 0),
('a1@a1.com', 1, 4, 0),
('a1@a1.com', 2, 4, 0),
('a@a.com', 1, 1, 0),
('a@a.com', 2, 3, 0),
('fd', 1, 3, 4),
('hvjh', 1, 1, 0),
('hvjh', 2, 2, 0),
('nikit@nikit.com', 1, 1, 3),
('nikit@nikit.com', 2, 2, 11),
('nikit@nikit.com', 3, 2, 2),
('nikit@nikit.com', 4, 4, 2),
('nikit@nikit.com', 5, 3, 2),
('nikit@nikit.com', 6, 4, 3),
('nikit@nikit.com', 7, 2, 3),
('Shalin@Shalin.com', 1, 3, 0),
('shalinshah1993@gmail.com', 1, 3, 8),
('shalinshah1993@gmail.com', 2, 2, 34);

-- --------------------------------------------------------

--
-- Table structure for table `src_lang`
--

CREATE TABLE IF NOT EXISTS `src_lang` (
  `lang_id` varchar(2) NOT NULL,
  PRIMARY KEY (`lang_id`)
) ENGINE=InnoDB DEFAULT CHARSET=latin1;

-- --------------------------------------------------------

--
-- Table structure for table `test`
--

CREATE TABLE IF NOT EXISTS `test` (
  `test_no` varchar(2) NOT NULL,
  `test_name` varchar(11) NOT NULL,
  PRIMARY KEY (`test_no`)
) ENGINE=InnoDB DEFAULT CHARSET=latin1;

--
-- Dumping data for table `test`
--

INSERT INTO `test` (`test_no`, `test_name`) VALUES
('bn', 'bengali'),
('gu', 'gujarati '),
('hi', 'hindi');

-- --------------------------------------------------------

--
-- Table structure for table `user`
--

CREATE TABLE IF NOT EXISTS `user` (
  `email_id` varchar(100) NOT NULL,
  `name` varchar(100) NOT NULL,
  `L1` varchar(2) DEFAULT NULL,
  `L2` varchar(2) DEFAULT NULL,
  `start_time` varchar(20) NOT NULL DEFAULT '0000-00-00 00:00:00',
  `end_time` varchar(20) NOT NULL DEFAULT '0000-00-00 00:00:00',
  PRIMARY KEY (`email_id`)
) ENGINE=InnoDB DEFAULT CHARSET=latin1;

--
-- Dumping data for table `user`
--

INSERT INTO `user` (`email_id`, `name`, `L1`, `L2`, `start_time`, `end_time`) VALUES
('', '', '', '', '2014-03-10 18:05:11', '0000-00-00 00:00:00'),
('111', '1111', NULL, 'gu', '03:22:52', '0000-00-00 00:00:00'),
('a1@a1.com', 'a1', NULL, 'gu', '03:11:59', '23:52:24'),
('a@a.com', 'asf', NULL, 'gu', '09:34:24', '17:00:39'),
('aad', 'faad', NULL, 'gu', '11:34:01', '0000-00-00 00:00:00'),
('abc123dqwerty1234', 'wertyuiop', NULL, 'gu', '0000-00-00 10:00:00', '0000-00-00 10:00:00'),
('abcdqwerty', 'wertyuiop', NULL, 'gu', '0000-00-00 00:00:00', '0000-00-00 00:00:00'),
('abcdqwerty123', 'wertyuiop', NULL, 'gu', '0000-00-00 00:00:00', '0000-00-00 00:00:00'),
('abcdqwerty1234', 'wertyuiop', NULL, 'gu', '0000-00-00 00:00:00', '0000-00-00 00:00:00'),
('abhishek', 'Abhishek Shah', NULL, 'gu', '2014-03-10 09:00:00', '0000-00-00 00:00:00'),
('arit', 'wertyuiop', NULL, 'gu', '13:22:20', '13:22:39'),
('asd', 'dsa', NULL, 'gu', '12:45:13', '0000-00-00 00:00:00'),
('asda', 'dsd', 'gu', 'bn', '2014-03-10 18:05:11', '0000-00-00 00:00:00'),
('dd', 'fd', 'gu', 'bn', '2014-03-10 18:05:11', '0000-00-00 00:00:00'),
('ddhiu', 'dijd', 'gu', 'bn', '2014-03-10 18:05:11', '0000-00-00 00:00:00'),
('ddhiudd', 'dijd', 'gu', 'bn', '2014-03-10 18:05:11', '0000-00-00 00:00:00'),
('dekho', 'dekho', NULL, 'gu', '10:21:49', '0000-00-00 00:00:00'),
('dfio', 'dfkgj', 'gu', 'bn', '2014-03-10 18:05:11', '0000-00-00 00:00:00'),
('DFIOPGJ', 'sfoihjef', 'gu', 'bn', '2014-03-10 18:05:11', '0000-00-00 00:00:00'),
('dfkl', 'dkfjh', 'gu', 'bn', '2014-03-10 18:05:11', '0000-00-00 00:00:00'),
('dod', 'dijd', 'gu', 'bn', '2014-03-10 18:05:11', '0000-00-00 00:00:00'),
('e5u56u1`', 'hyrjtj', 'gu', 'bn', '2014-03-10 18:05:11', '0000-00-00 00:00:00'),
('eoe', 'cksd', 'gu', 'bn', '2014-03-10 18:05:11', '0000-00-00 00:00:00'),
('eryry', 'dfhdh', 'gu', 'bn', '2014-03-10 18:05:11', '0000-00-00 00:00:00'),
('fd', 'a1', NULL, 'gu', '03:14:18', '0000-00-00 00:00:00'),
('fdopfk', 'dfgioj', 'gu', 'bn', '2014-03-10 18:05:11', '0000-00-00 00:00:00'),
('fgj', 'dge', 'bn', 'gu', '2014-03-10 18:05:11', '0000-00-00 00:00:00'),
('fhfhh', 'jhtj', 'gu', 'bn', '2014-03-10 18:05:11', '0000-00-00 00:00:00'),
('fkf', 'doj', 'gu', 'bn', '2014-03-10 18:05:11', '0000-00-00 00:00:00'),
('grejk', 'epfke', 'gu', 'bn', '2014-03-10 18:05:11', '0000-00-00 00:00:00'),
('HDFHH', 'JGHGH', NULL, 'bn', '2014-03-10 18:05:11', '0000-00-00 00:00:00'),
('hkuk', 'ghh', 'gu', 'bn', '2014-03-10 18:05:11', '0000-00-00 00:00:00'),
('hvjh', 'a', NULL, 'gu', '03:13:14', '0000-00-00 00:00:00'),
('idof', 'fof', 'gu', 'bn', '2014-03-10 18:05:11', '0000-00-00 00:00:00'),
('igeniusshah@gmail.com', 'abhishek', 'gu', 'bn', '2014-03-10 18:05:11', '0000-00-00 00:00:00'),
('iogjgdklpg', 'dgopijert', NULL, 'bn', '2014-03-10 18:05:11', '0000-00-00 00:00:00'),
('ityiy', 'hrtfhh', 'gu', 'bn', '2014-03-10 18:05:11', '0000-00-00 00:00:00'),
('k0oi', 'kjgtij', NULL, 'bn', '2014-03-10 18:05:11', '0000-00-00 00:00:00'),
('koerp', 'ropropr', 'gu', 'bn', '2014-03-10 18:05:11', '0000-00-00 00:00:00'),
('lkhljlq', 'lkjhl', NULL, 'bn', '2014-03-10 18:05:11', '0000-00-00 00:00:00'),
('lo', 'lo', NULL, 'gu', '10:37:59', '0000-00-00 00:00:00'),
('lowhy', 'whhhw', NULL, 'gu', '10:42:42', '0000-00-00 00:00:00'),
('mjh', 'oj', 'gu', 'bn', '2014-03-10 18:05:11', '0000-00-00 00:00:00'),
('nik', 'nik', NULL, 'gu', '2014-03-10 18:05:11', '0000-00-00 00:00:00'),
('nikit@gmail.com', 'Nikit', NULL, 'gu', '01:07:04', '0000-00-00 00:00:00'),
('nikit@nikit.com', 'Nikit', NULL, 'gu', '03:21:56', '0000-00-00 00:00:00'),
('oihy', 'ijiopj', 'gu', 'bn', '2014-03-10 18:05:11', '0000-00-00 00:00:00'),
('oij', 'dfio', 'gu', 'bn', '2014-03-10 18:05:11', '0000-00-00 00:00:00'),
('parth_me@daiict.ac.in', 'Parth', NULL, 'gu', '2014-03-10 18:05:11', '0000-00-00 00:00:00'),
('qwert', 'ascd', NULL, 'gu', '10:23:35', '10:23:49'),
('riogj', 'oifghrio', NULL, 'bn', '2014-03-10 18:05:11', '0000-00-00 00:00:00'),
('rogije', 'iojhr', NULL, 'gu', '2014-03-10 18:05:11', '0000-00-00 00:00:00'),
('Shalin@Shalin.com', 'Shalin', NULL, 'gu', '02:58:34', '0000-00-00 00:00:00'),
('shalinshah1993@gmail.com', 'Shalin', NULL, 'gu', '03:15:36', '00:50:57'),
('shivang', 'shivang', NULL, 'gu', '23:47:06', '0000-00-00 00:00:00'),
('shivang@shivu.com', 'Shivu', NULL, 'gu', '01:45:38', '0000-00-00 00:00:00'),
('shubh', 'shubh', NULL, 'gu', '2014-03-10 18:05:11', '0000-00-00 00:00:00'),
('Test2', 'Test2', NULL, 'hi', '2014-03-10 18:05:11', '0000-00-00 00:00:00'),
('tojoij', 'dfigjei', 'gu', 'bn', '2014-03-10 18:05:11', '0000-00-00 00:00:00'),
('try', 'try', NULL, 'gu', '10:25:35', '0000-00-00 00:00:00'),
('tyijri', 'gjogj', 'gu', 'bn', '2014-03-10 18:05:11', '0000-00-00 00:00:00'),
('tyk', 'tu', 'gu', 'bn', '2014-03-10 18:05:11', '0000-00-00 00:00:00'),
('whyyaar', 'yaar', NULL, 'gu', '13:36:37', '0000-00-00 00:00:00'),
('wwerry', 'uierbfhef', 'gu', 'bn', '2014-03-10 18:05:11', '0000-00-00 00:00:00'),
('yjyrf', 'rtujkyi', 'gu', 'bn', '2014-03-10 18:05:11', '0000-00-00 00:00:00'),
('ytj', 'ghty', 'gu', 'bn', '2014-03-10 18:05:11', '0000-00-00 00:00:00');

--
-- Constraints for dumped tables
--

--
-- Constraints for table `passage`
--
ALTER TABLE `passage`
  ADD CONSTRAINT `passage_ibfk_1` FOREIGN KEY (`test_id`) REFERENCES `test` (`test_no`) ON DELETE CASCADE ON UPDATE CASCADE;

--
-- Constraints for table `question`
--
ALTER TABLE `question`
  ADD CONSTRAINT `question_ibfk_1` FOREIGN KEY (`passage_id`) REFERENCES `passage` (`id`) ON DELETE CASCADE ON UPDATE CASCADE;

--
-- Constraints for table `record_answer`
--
ALTER TABLE `record_answer`
  ADD CONSTRAINT `record_answer_ibfk_1` FOREIGN KEY (`email_id`) REFERENCES `user` (`email_id`) ON DELETE CASCADE ON UPDATE CASCADE,
  ADD CONSTRAINT `record_answer_ibfk_2` FOREIGN KEY (`q_no`) REFERENCES `question` (`q_no`) ON DELETE CASCADE ON UPDATE CASCADE;

/*!40101 SET CHARACTER_SET_CLIENT=@OLD_CHARACTER_SET_CLIENT */;
/*!40101 SET CHARACTER_SET_RESULTS=@OLD_CHARACTER_SET_RESULTS */;
/*!40101 SET COLLATION_CONNECTION=@OLD_COLLATION_CONNECTION */;
