-- phpMyAdmin SQL Dump
-- version 4.1.9
-- http://www.phpmyadmin.net
--
-- Host: localhost
-- Generation Time: Apr 11, 2014 at 12:52 AM
-- Server version: 5.1.63-0ubuntu0.11.04.1
-- PHP Version: 5.3.5-1ubuntu7.10

SET SQL_MODE = "NO_AUTO_VALUE_ON_ZERO";
SET time_zone = "+00:00";


/*!40101 SET @OLD_CHARACTER_SET_CLIENT=@@CHARACTER_SET_CLIENT */;
/*!40101 SET @OLD_CHARACTER_SET_RESULTS=@@CHARACTER_SET_RESULTS */;
/*!40101 SET @OLD_COLLATION_CONNECTION=@@COLLATION_CONNECTION */;
/*!40101 SET NAMES utf8 */;

--
-- Database: `onlinetest`
--

-- --------------------------------------------------------

--
-- Table structure for table `passage`
--

CREATE TABLE IF NOT EXISTS `passage` (
  `id` int(11) NOT NULL,
  `content` mediumtext CHARACTER SET utf8 NOT NULL,
  `test_id` varchar(2) NOT NULL,
  PRIMARY KEY (`id`),
  KEY `test_id` (`test_id`),
  KEY `test_id_2` (`test_id`)
) ENGINE=InnoDB DEFAULT CHARSET=latin1;

--
-- Dumping data for table `passage`
--

INSERT INTO `passage` (`id`, `content`, `test_id`) VALUES
(6, 'કલકાતા બા કોલકાતા , (પૂર્બનામ: કલિકાતા), ભારતેર પૂર્બાઞ્ચલીય઼ રાજ્ય પશ્ચિમબઙ્ગેર રાજધાની, પ્રધાન બાણિજ્યકેન્દ્ર એબં બૃહત્તમ શહર। હુગલી નદીર પૂર્બ તીરે અબસ્થિત એઇ શહરેર પૌરએલાકાર જનસંખ્યા ૫૦ લક્ષેર કિછુ બેશિ। તબે કલકાતા ઓ તાર પાર્શ્બબર્તી જેલાગુલિર અંશબિશેષ નિય઼ે ગઠિત બૃહત્તર કલકાતાર જનસંખ્યા ૧ કોટિ ૪૦ લક્ષેર કાછાકાછિ। એઇ જનસંખ્યાર બિચારે કલકાતા ભારતેર તૃતીય઼ બૃહત્તમ શહર ઓ દ્બિતીય઼ બૃહત્તમ મેટ્રોપલિટાન બા મહાનગરીય઼ અઞ્ચલ એબં બિશ્બેર અષ્ટમ બૃહત્તમ મહાનગર અઞ્ચલ। કલકાતા પૌરએલાકાર ઉત્તર દિકે ઉત્તર ચબ્બિશ પરગના, પૂર્બે ઉત્તર ઓ દક્ષિણ ચબ્બિશ પરગના એબં દક્ષિણ દિકે દક્ષિણ ચબ્બિશ પરગના જેલા અબસ્થિત। પશ્ચિમ દિકે હુગલિ નદી એઇ શહરકે હાઓડ઼ા જેલા થેકે બિચ્છિન્ન કરેછે।\nકલકાતાર જલબાય઼ુ "ક્રાન્તીય઼ સાભાના" પ્રકૃતિર ("કોપેન જલબાય઼ુ શ્રેણિબિભાગ" અનુસારે )। બાર્ષિક સર્બનિમ્ન તાપમાત્રા ૨૬.૮° સેન્ટિગ્રેડ એબં માસિક સર્બનિમ્ન તાપમાત્રા ૧૯°-૩૦° સેન્ટિગ્રેડેર મધ્યે થાકે। એખાને ગ્રીષ્મકાલ ઉષ્ણ ઓ આર્દ્ર। એઇ સમય઼ સર્બનિમ્ન ગડ઼ તાપમાત્રા ૩૦° સેન્ટિગ્રેડેર કાછાકાછિ થાકલેઓ મે-જુન માસે સર્બોચ્ચ ગડ઼ તાપમાત્રા પ્રાય઼શઇ ૪૦° સેન્ટિગ્રેડ છાડ઼િય઼ે યાય઼। શીતકાલ સાધારણત માત્ર આડ઼ાઇ માસ સ્થાય઼ી હય઼। ડિસેમ્બર-જાનુય઼ારિ માસે સર્બનિમ્ન ગડ઼ તાપમાત્રા ૯°-૧૧° સેન્ટિગ્રેડેર કાછાકાછિ થાકે। શહરેર સર્બોચ્ચ ઓ સર્બનિમ્ન તાપમાત્રાર રેકર્ડ યથાક્રમે ૪૩.૯° સેન્ટિગ્રેડ ઓ ૩.૨° સેન્ટિગ્રેડ। સાધારણભાબે મે માસ શહરેર ઉષ્ણતમ માસ। એઇ સમય઼ શહરેર સર્બોચ્ચ ઓ સર્બનિમ્ન ગડ઼ તાપમાત્રા થાકે યથાક્રમે ૩૭° સેન્ટિગ્રેડ ઓ ૨૭° સેન્ટિગ્રેડ। અન્યદિકે જાનુય઼ારિ શીતલતમ માસ। જાનુય઼ારિર સર્બોચ્ચ ઓ સર્બનિમ્ન ગડ઼ તાપમાત્રા યથાક્રમે ૨૩° સેન્ટિગ્રેડ ઓ ૧૨° સેન્ટિગ્રેડ। ગ્રીષ્મેર શુરુતે પ્રાય઼શઇ શિલાબૃષ્ટિ, ઝડ઼ ઓ બજ્રબિદ્યુ સહ બૃષ્ટિપાત હય઼ે થાકે। એઇ ધરનેર ઝડ઼બૃષ્ટિ પ્રકૃતિગતભાબે પરિચલન। એર સ્થાનીય઼ નામ કાલબૈશાખી।\nદક્ષિણ-પૂર્બ મૌસુમિ બાય઼ુર બઙ્ગોપસાગરીય઼ શાખાટિ શહરે બૃષ્ટિપાત ઘટાનોર જન્ય દાય઼ી। બર્ષાકાલ સાધારણત સ્થાય઼ી હય઼ જુન થેકે સેપ્ટેમ્બર માસ પર્યન્ત। શહરેર બાર્ષિક ૧૫૮૨ મિલિમિટાર બૃષ્ટિપાતેર અધિકાંશઇ એઇ સમય઼ે ઘટે થાકે। અગસ્ટ માસે બૃષ્ટિપાતેર પરિમાણ સર્બોચ્ચ થાકે। એઇ સમય઼ ગડ઼ે ૩૦૬ મિલિમિટાર બૃષ્ટિપાત હય઼। કલકાતા બાર્ષિક ૨,૫૨૮ ઘણ્ટાર સૂર્યાલોક પેય઼ે થાકે। અધિકાંશ સૂર્યાલોક પ્રાપ્તિર સમય઼ માર્ચ માસ। દૂષણ કલકાતાર અન્યતમ પ્રધાન સમસ્યા। ભારતેર અન્યાન્ય પ્રધાન શહરેર તુલનાય઼ કલકાતાર સાસપેન્ડેડ પાર્ટિકુલેટ મ્યાટાર] બા એસપિએમ-એર હાર એતટાઇ બેશિ યે એર ફલે પ્રાય઼શઇ ધોઁય઼ા ઓ કુય઼ાશા સૃષ્ટિ હય઼। મારાત્મક બાય઼ુદૂષણેર ફલે શહરે ફુસફુસેર ક્યાન્સાર સહ દૂષણસૃષ્ટ અસુખબિસુખ બૃદ્ધિ પેય઼ેછે।\nકલકાતા શહરેર સાંગીતિક ઐતિહ્ય સુપ્રાચીન। અષ્ટાદશ શતાબ્દીર શેષાર્ધ થેકેઇ બાંલાર બિભિન્ન પ્રાન્ત એમનકિ બહિર્બઙ્ગ થેકેઓ બહુ બિશિષ્ટ સંગીતસ્રષ્ટા ઓ ગાય઼ક કલકાતાય઼ એસે બસતિ સ્થાપન કરેન। એર ફલે અષ્ટાદશ-ઊનબિંશ શતાબ્દીતે બાંલા ગાને એકટિ બિશેષ કલકાતા-કેન્દ્રિક ધારાર સૃષ્ટિ હય઼, યા અધુના "પુરાતની" નામે પરિચિત। એઇ સમય઼કાર સર્બાપેક્ષા જનપ્રિય઼ એબં ઉલ્લેખયોગ્ય સંગીતસ્રષ્ટા-ગાય઼ક હલેન બાંલા ટપ્પાસંગીતેર જનક રામનિધિ ગુપ્ત (નિધુબાબુ); તાઁર રચિત ટપ્પાગાન આજઓ જનપ્રિય઼। નિધુબાબુઇ બાંલાય઼ પ્રથમ દેશાત્મબોધક ગાન "નાનાન દેશે નાનાન ભાષા, બિને સ્બદેશીય઼ ભાષા મિટે કિ આશા"-ર રચય઼િતા। સેયુગેર અન્યાન્ય બિશિષ્ટ સંગીતસ્રષ્ટા-ગાય઼કેરા હલેન રામ બસુ, હરુ ઠાકુર, ગોપાલ ઉડ઼ે, રૂપચાઁદ પક્ષી, શ્રીધર કથક પ્રમુખ। ઊનબિંશ શતાબ્દીર શેષભાગે બાંલા ગાને જોડ઼ાસાઁકો ઠાકુરબાડ઼િ ઓ બ્રહ્મસંગીતેર અબદાનઓ અનસ્બીકાર્ય। કલકાતાર જનસમાજે કબિગાન, તરજા, આખડ઼ાઇ-હાફ આખડ઼ાઇ, ટપ્પા પ્રભૃતિ ગાનેર બિશેષ જનપ્રિય઼તા છિલ।\n\n\nજોડ઼ાસાઁકો ઠાકુરબાડ઼િ, બાંલા સાહિત્યે ઓ ગાને એઇ બાડ઼િર સદસ્યદેર અબદાન બિશેષભાબે ઉલ્લેખયોગ્ય।\nબિંશ શતાબ્દીર પ્રથમાર્ધે કલકાતાય઼ રબીન્દ્રનાથ ઠાકુર, દ્બિજેન્દ્રલાલ રાય઼, અતુલપ્રસાદ સેન, રજનીકાન્ત સેન ઓ કાજી નજરુલ ઇસલામ રચિત ગાનેર ચર્ચા શુરુ હય઼। રબીન્દ્રસંગીત ચર્ચા ઓ શિક્ષાર ક્ષેત્રે કલકાતા એક બિશિષ્ટ સ્થાનેર અધિકારી। એઇ શહરેર રબીન્દ્રભારતી બિશ્બબિદ્યાલય઼ એબં "ગીતબિતાન", "રબિતીર્થ", "દક્ષિણી" પ્રભૃતિ રબીન્દ્રસંગીત શિક્ષાય઼તન બિશેષ ખ્યાતિસમ્પન્ન। કલકાતા-કેન્દ્રિક ઉલ્લેખયોગ્ય રબીન્દ્રસંગીત શિલ્પીરા હલેન પઙ્કજકુમાર મલ્લિક, કુન્દનલાલ સાય઼ગલ, દેબબ્રત બિશ્બાસ, કણિકા બન્દ્યોપાધ્યાય઼, સુચિત્રા મિત્ર, સાગર સેન, ચિન્મય઼ ચટ્ટોપાધ્યાય઼, સુમિત્રા સેન પ્રમુખ; એબં એકાલેર બિશિષ્ટ શિલ્પીદેર મધ્યે પ્રમિતા મલ્લિક, સ્બાગતાલક્ષ્મી દાશગુપ્ત, શ્રાબણી સેન, ઇન્દ્રાણી સેન, શ્રીકાન્ત આચાર્યેર નામ બિશેષભાબે ઉલ્લેખયોગ્ય। નજરુલગીતિર ક્ષેત્રે બિશેષ જનપ્રિય઼તા અર્જન કરેછિલેન માનબેન્દ્ર મુખોપાધ્યાય઼, ધીરેન બસુ, અઞ્જલિ મુખોપાધ્યાય઼ પ્રમુખ શિલ્પીરા। દ્બિજેન્દ્રગીતિ-અતુલપ્રસાદી-રજનીકાન્તેર ગાને ઉલ્લેખયોગ્ય શિલ્પીરા હલેન કૃષ્ણા ચટ્ટોપાધ્યાય઼, મઞ્જુ ગુપ્ત, શર્બાણી સેન, નૂપુરછન્દા ઘોષ પ્રમુખ।બિંશ શતાબ્દીર શેષ પર્બે કલકાતા-કેન્દ્રિક ગીતિકાર-સુરકાર ઓ ગાય઼ક-ગાય઼િકારા બાંલા આધુનિક ગાને બિશેષ અબદાન રેખેછિલેન। એઇ સમય઼કાર બિશિષ્ટ ગીતિકાર-સુરકારેરા હલેન સલિલ ચૌધુરી, હિમાંશુ દત્ત, ગૌરીપ્રસન્ન મજુમદાર, નચિકેતા ઘોષ, મોહિની ચૌધુરી, પુલક બન્દ્યોપાધ્યાય઼, કમલ દાશગુપ્ત પ્રમુખ। જનપ્રિય઼ કણ્ઠશિલ્પીદેર મધ્યે ઉલ્લેખયોગ્ય કૃષ્ણચન્દ્ર દે, હેમન્ત મુખોપાધ્યાય઼, શચીન દેબબર્મણ, સન્ધ્યા મુખોપાધ્યાય઼, શ્યામલ મિત્ર, માન્ના દે, કિશોરકુમાર, માનબેન્દ્ર મુખોપાધ્યાય઼ પ્રમુખ।\n\nકલકાતાર બાઙાલિદેર પ્રધાન ખાદ્ય ભાત ઓ માછેર ઝોલ। એર સઙ્ગે રસગોલ્લા ઓ સન્દેશ નામે દુઇ ધરનેર મિષ્ટિ ઓ મિષ્ટિ દઇ બાઙાલિરા બિશેષ પછન્દ કરે। ચિંડ઼િ ઓ સામુદ્રિક માછ ઇલિશદિય઼ે રાન્ના કરા બિભિન્ન રકમ પદઓ બાઙાલિદેર મધ્યે બિશેષ જનપ્રિય઼। પથખાદ્યેર મધ્યે બેગુનિ, રોલ (ચિકેન, માટન, એગ બા સબજિ), ફુચકા બિશેષ જનપ્રિય઼। ચાય઼નાટાઉનેર ચીના ખાબારઓ બેશ જનપ્રિય઼। કલકાતાર અધિબાસીદેર મધ્યે મિષ્ટિ ખાબાર ચલ બેશિ। બિશેષત સામાજિક ઓ ધર્મીય઼ ઉસબ-અનુષ્ઠાને મિષ્ટિર બિશેષ ચાહિદા દેખા યાય઼।\n', 'gu'),
(7, 'ચર્યાપદ બાંલા ભાષાર પ્રાચીનતમ કાબ્ય તથા સાહિત્ય નિદર્શન। નબ્ય ભારતીય઼ આર્યભાષારઓ પ્રાચીનતમ રચના એટિ। ખ્રિસ્ટીય઼ દશમ થેકે દ્બાદશ શતાબ્દીર મધ્યબર્તી સમય઼ે રચિત એઇ ગીતિપદાબલિર રચય઼િતારા છિલેન સહજિય઼ા બૌદ્ધ સિદ્ધાચાર્યગણ। બૌદ્ધ ધર્મેર ગૂઢ઼ અર્થ સાંકેતિક રૂપેર આશ્રય઼ે બ્યાખ્યાર ઉદ્દેશ્યેઇ તાઁરા પદગુલિ રચના કરેછિલેન। બાંલા સાધન સંગીતેર શાખાટિર સૂત્રપાતઓ એઇ ચર્યાપદ થેકેઇ હય઼। એઇ બિબેચનાય઼ એટિ ધર્મગ્રન્થજાતીય઼ રચના। એકઇ સઙ્ગે સમકાલીન બાંલાર સામાજિક ઓ પ્રાકૃતિક ચિત્રાબલિ એઇ પદગુલિતે ઉજ્જ્બલ। એર સાહિત્યગુણ આજઓ ચિત્તાકર્ષક।[ક] ૧૯૦૭ ખ્રિસ્ટાબ્દે મહામહોપાધ્યાય઼ હરપ્રસાદ શાસ્ત્રી, નેપાલેર રાજદરબારેર ગ્રન્થશાલા થેકે ચર્યાર એકટિ ખણ્ડિત પુઁથિ ઉદ્ધાર કરેન। પરબર્તીતે આચાર્ય સુનીતિકુમાર ચટ્ટોપાધ્યાય઼ ભાષાતાત્ત્બિક બિશ્લેષણેર માધ્યમે ચર્યાપદેર સઙ્ગે બાંલા ભાષાર અનસ્બીકાર્ય યોગસૂત્ર બૈજ્ઞાનિક યુક્તિસહ પ્રતિષ્ઠિત કરેન। ચર્યાર પ્રધાન કબિગણ હલેન લુઇપાદ, કાહ્નપાદ, ભુસુકુપાદ,શબરપાદ પ્રમુખ। બાંલાય઼ મુસલમાન આધિપત્ય પ્રતિષ્ઠિત હબાર આગે બ્રાહ્મણ્ય હિન્દુસમાજેર પીડ઼ને એબં મુસલમાન શાસને ધર્મચ્યુત હબાર આશંકાય઼ બાંલાર બૌદ્ધગણ તાઁદેર ધર્મીય઼ પુઁથિપત્ર નિય઼ે શિષ્યદેરકે સઙ્ગી કરે નેપાલ, ભુટાન ઓ તિબ્બતે પલાય઼ન કરેછિલેન– એઇ ધારણાર બશબર્તી હય઼ે હરપ્રસાદ શાસ્ત્રી ચારબાર નેપાલ પરિભ્રમણ કરેન। ૧૯૦૭ ખ્રિસ્ટાબ્દે તૃતીય઼બાર નેપાલ ભ્રમણકાલે ચર્યાચર્યબિનિશ્ચય઼નામક એકટિ પુઁથિ નેપાલ રાજદરબારેર અભિલિપિશાલાય઼ આબિષ્કાર કરેન। ચર્યાચર્યબિનિશ્ચય઼, સરહપાદેર દોહા એબં અદ્બય઼ બજ્રેર સંસ્કૃત સહજામ્નાય઼ પઞ્જિકા, કૃષ્ણાચાર્ય બા કાહ્નપાદેર દોહા, આચાર્યપાદેર સંસ્કૃત મેખલા નામક ટીકા ઓ આગેઇ આબિષ્કૃત ડાકાર્ણબ પુઁથિ એકત્રે ૧૯૧૬ ખ્રિસ્ટાબ્દે (શ્રાબણ, ૧૩૨૩ બઙ્ગાબ્દ) બઙ્ગીય઼ સાહિત્ય પરિષદ થેકે હાજાર બછરેર પુરાણ બાઙ્ગાલા બૌદ્ધગાન ઓ દોઁહા શિરોનામે સમ્પાદકીય઼ ભૂમિકાસહ પ્રકાશ કરેન હરપ્રસાદ શાસ્ત્રી। હરપ્રસાદ શાસ્ત્રી મોટ ૪૬ટિ પૂર્ણાઙ્ગ ઓ એકટિ ખણ્ડિત પદ પેય઼ેછિલેન। પુઁથિટિર મધ્યે કય઼ેકટિ પાતા છેઁડ઼ા છિલ।પ્રબોધચન્દ્ર બાગચી ચર્યાર યે તિબ્બતિ અનુબાદ સંગ્રહ કરેન તાતે આરઓ ચારટિ પદેર અનુબાદસહ ઓઇ ખણ્ડપદટિર અનુબાદઓ પાઓય઼ા યાય઼। મૂલ પુઁથિર પદેર સંખ્યા છિલ ૫૧। મૂલ તિબ્બતિ અનુબાદેર ભિત્તિતે સિદ્ધાન્ત હય઼ેછે યે, મૂલ પુઁથિર નામ ચર્યાગીતિકોષ એબં એતે ૧૦૦ટિ પદ છિલ। હરપ્રસાદ શાસ્ત્રી આબિષ્કૃત પુઁથિટિ ચર્યાગીતિકોષ થેકે નિર્બાચિત પુઁથિસમૂહેર સમૂલ ટીકાભાષ્ય। ચર્યાર સમય઼કાલ નિય઼ેઓ ગબેષકમહલે મતબિરોધ આછે। સુનીતિકુમાર ચટ્ટોપાધ્યાય઼ ઓ પ્રબોધચન્દ્ર બાગચીર મતે ચર્યાર પદગુલિ ખ્રિસ્ટીય઼ દશમ થેકે દ્બાદશ શતાબ્દીર મધ્યબર્તી સમય઼ે રચિત। કિન્તુ ડક્ટર મુહમ્મદ શહીદુલ્લાહ ઓ રાહુલ સાંકૃત્યાય઼ન એઇ સમય઼કાલકે આરઓ ૨૦૦ બછર પિછિય઼ે દિય઼ે ચર્યાર રચનાકાલ ખ્રિસ્ટીય઼ અષ્ટમ થેકે દ્બાદશ શતાબ્દી બલે મતપ્રકાશ કરેછેન। હરપ્રસાદ શાસ્ત્રીર મતે અતીશ દીપઙ્કર શ્રીજ્ઞાન (૯૮૦ – ૧૦૫૩ ખ્રિસ્ટાબ્દ) તિબ્બત યાત્રાર પૂર્બે (૧૦૩૦ ખ્રિસ્ટાબ્દ) લુઇપાદેર અભિસમય઼બિહઙ્ગ રચનાય઼ સાહાય્ય કરેછિલેન। એકથા સત્ય હલે લુઇપાદ દશમ શતાબ્દીર શેષભાગે બર્તમાન થાકબેન। અપરદિકે તિબ્બતિ કિંબદન્તી અનુસારે તિનિઇ સિદ્ધાચાર્યદેર આદિગુરુ; અર્થા, ચર્યાર સમય઼કાલઓ દશમ શતાબ્દીર પૂર્બે હતે પારે ના। અન્યદિકે કેમબ્રિજ બિશ્બબિદ્યાલય઼ેર ગ્રન્થાગારે હેબજ્રપઞ્જિકાયોગરત્નમાલા નામે એક બૌદ્ધતાન્ત્રિક પુઁથિર સન્ધાન મેલે, યેટિર રચનાકાલ શેષ પાલરાજા ગોબિન્દપાલેર (૧૧૫૫ ખ્રિસ્ટાબ્દ) શાસનકાલ। બિશેષજ્ઞદેર મતે એઇ પુઁથિર રચય઼િતા શ્રીકૃષ્ણાચાર્યઇ પ્રકૃતપક્ષે ચર્યાર કાહ્નપાદ બા ચર્યા-ટીકાર કૃષ્ણાચાર્ય। નાથ સાહિત્ય અનુયાય઼ી કાહ્નપાદેર ગુરુ જાલન્ધરિપાદ બા હાડ઼િપા, યિનિ ગોરક્ષનાથેર શિષ્ય છિલેન। આબાર મારાઠિ ગ્રન્થ જ્ઞાનેશ્બરી (રચનાકાલ આનુમાનિક ૧૨૯૦ ખ્રિસ્ટાબ્દ) થેકે જાના યાય઼ ઉક્ત ગ્રન્થેર રચય઼િતા જ્ઞાનદેબ દીક્ષાલાભ કરેન નિબૃત્તિનાથેર કાછ થેકે, યિનિ ગોરક્ષનાથેર શિષ્ય ગેઇનીનાથ બા ગોય઼નીનાથેર થેકે દીક્ષાપ્રાપ્ત। સેઇ હિસાબેઓ કાહ્નપાદકે દ્બાદશ શતાબ્દીર માનુષ બલે મને હય઼। એઇસબ તથ્યપ્રમાણેર ભિત્તિતે ચર્યાર પદગુલિ ખ્રિસ્ટીય઼ દશમ થેકે દ્બાદશ શતાબ્દીર મધ્યબર્તી સમય઼ે રચિત બલેઇ અનુમિત હય઼। તબે તાર પરેઓ દુ-તિનશો બછર ધરે ગોપને ચર્યાગીતિ રચિત હય઼ેછિલ। શશિભૂષણ દાશગુપ્ત નેપાલ ઓ તરાઇ અઞ્ચલ થેકે એઇ ધરણેર શતાધિક પદ ઉદ્ધાર કરેછેન। ૧૯૮૯ ખ્રિસ્ટાબ્દે એગુલિ કલકાતા બિશ્બબિદ્યાલય઼ થેકે અસિતકુમાર બન્દ્યોપાધ્યાય઼ેર સમ્પાદનાય઼ નબ ચર્યાપદ નામે સંકલિત ઓ પ્રકાશિત હય઼। ચર્યાપદેર ભાષા બાંલા કિ-ના સે બિષય઼ે બિતર્કેર સૃષ્ટિ હય઼ેછિલ પરબર્તીતે યાર અબસાન હય઼ેછે। એટિ સૃજ્યમાન બાંલા ભાષાર એકટિ ગુરુત્બપૂર્ણ નિદર્શન। ચર્યાપદેર રચય઼િતા બૌદ્ધ સિદ્ધાચાર્યગણ સંસ્કૃતે પારદર્શી હલેઓ તાઁરા તકાલીન અપરિણત બાંલાતેઇ પદગુલિ રચના કરેછિલેન। ચર્યાપદેર ભાષા બાંલા ભાષાર અદ્યાબધિ આબિષ્કૃત આદિતમ રૂપ। હિન્દિ, ઓડ઼િય઼ા બા મૈથિલિ બિદ્બજ્જનેરા એઇ ભાષાય઼ નિજેદેર પૂર્બસૂરિત્બેર સન્ધાન કરલેઓ ભાષાબૈજ્ઞાનિક અનુસન્ધાનેર ફલ બાંલા ભાષારઇ અનુકૂલ। એઇ ભાષા સમ્પ્રદાય઼બિશેષેર સાધન-સઙ્ગીતેર ભાષા બિધાય઼ અસ્પષ્ટ ઓ દુર્બોધ્ય; યદિઓ એતે ઉલ્લિખિત છન્દ ઓ રાગ-રાગિની પરબર્તીકાલેર બાઙાલિ કબિદેર પથનિર્દેશિકારૂપે કાજ કરે। ચર્યા પદસંગ્રહ પ્રકાશિત હબાર પર ચર્યાર ભાષા નિય઼ે યેમન પ્રચુર ગબેષણા હય઼ેછે, તેમનિ ભારતેર અન્યાન્ય અઞ્ચલેર બિદ્બજ્જનેરા એઇ ભાષાર ઉપર નિજ નિજ માતૃભાષાર અધિકાર દાબિ કરે બિતર્ક સૃષ્ટિ કરેછેન। હરપ્રસાદ શાસ્ત્રી તાઁર સમ્પાદિત હાજાર બછરેર પુરાણ બાઙ્ગાલા બૌદ્ધ ગાન ઓ દોહા ગ્રન્થેર ભૂમિકાય઼ ચર્યાચર્યબિનિશ્ચય઼, સરહપાદ ઓ કૃષ્ણાચાર્યેર દોહા એબં ડાકાર્ણબ-કે સમ્પૂર્ણ પ્રાચીન બાંલાર નિદર્શન બલે દાબિ કરેછેન। શ્રીકૃષ્ણકીર્તન કાબ્યેર આબિષ્કર્તા ઓ સમ્પાદક બસન્તરઞ્જન રાય઼ બિદ્બદ્બલ્લભઓ તાઁર દાબિકે સમર્થન કરેન। ૧૯૨૦ ખ્રિસ્ટાબ્દે બિજય઼ચન્દ્ર મજુમદાર તાઁદેર દાબિ અસ્બીકાર કરે ચર્યા ઓ અન્યાન્ય કબિતાગુલિર સઙ્ગે બાંલા ભાષાર સમ્બન્ધેર દાબિ નસ્યા કરાર ચેષ્ટા કરેન। કિન્તુ૧૯૨૬ ખ્રિસ્ટાબ્દે ડક્ટર સુનીતિકુમાર ચટ્ટોપાધ્યાય઼ તાઁર The Origin and Development of the Bengali Language ગ્રન્થે ચર્યાગાન ઓ દોહાગુલિર ધ્બનિતત્ત્બ, બ્યાકરણ ઓ છન્દ બિશ્લેષણ કરે શુધુમાત્ર એઇગુલિકેઇ પ્રાચીન બાંલાર નિદર્શન હિસાબે ગ્રહણ કરેન। ૧૯૨૭ ખ્રિસ્ટાબ્દે ડક્ટર મુહમ્મદ શહીદુલ્લાહ પ્યારિસ થેકે પ્રકાશિત Les Chants Mystique de Saraha et de Kanha ગ્રન્થે સુનીતિકુમારેર મત ગ્રહણ કરેન। યેસકલ ભાષાતાત્ત્બિક બૈશિષ્ટ્ય ચર્યાર સઙ્ગે બાંલાર સમ્પર્કકે પ્રમાણ કરે સેગુલિ હલો •	સમ્બન્ધ પદે –અર બિભક્તિ, સમ્પ્રદાને –કે, સમ્પ્રદાનબાચક અનુસર્ગ –અન્તરે (મધ્યયુગીય઼ ઓ આધુનિક રૂપ –તરે), અધિકરણે –અન્ત, -ત, અધિકરણબાચક અનુસર્ગ –માઝે, અતીત ક્રિય઼ાય઼ –ઇલ એબં ભબિષ્યત ક્રિય઼ાય઼ -ઇબ। ચર્યા મૈથિલી બા પૂરબીય઼ા હિન્દિતે રચિત હલે અતીત ક્રિય઼ાય઼ –અલ ઓ ભબિષ્યતે –અબ યુક્ત હત। •	ગુનિય઼ા, લેહઁ, દિલ, ભણિઆઁ, સડ઼િ, પડ઼િઆઁ, ઉઠિ ગેલ, આખિ બુજિઅ, ધરણ ન જાઅ, કહન ના જાઇ, પાર કરેઇ, નિદ ગેલા, આપના માંસે હરિણા બૈરી, હાડ઼ીત ભાત નાહિ ઇત્યાદિ બાગભઙ્ગિમા ઓ શબ્દયોજના બાંલા ભાષાય઼ પરબર્તીકાલેઓ સુલભ। એર સઙ્ગે અબશ્ય તસુ, જૈસન, જિસ, કાઁહિ, પુછમિ પ્રભૃતિ પશ્ચિમા અપભ્રંશેર શબ્દઓ આછે। તબે સેગુલિ મૂલત કૃતઋણ શબ્દ હિસાબેઇ ચર્યાય઼ બ્યબહૃત હય઼ેછે। •	એછાડ઼ા સમ્પ્રદાને –ક એબં –સાથ, -લાગ, -લગ-એર બદલે સઙ્ગે, સમ અનુસર્ગેર બ્યબહાર એબં નાસિક્યધ્બનિર બાહુલ્યેર જન્ય ચર્યાર ભાષાકે રાઢ઼ અઞ્ચલેર ભાષા બલે મને કરા હય઼। અસિતકુમાર બન્દ્યોપાધ્યાય઼ મન્તબ્ય કરેછેન, “ચર્યાર આચાર્યેરા કામરૂપ, સોમપુરી, બિક્રમપુર – યેખાન થેકેઇ આસુન ના કેન, આશ્ચર્યેર બિષય઼, એઁરા સકલેઇ રાઢ઼ અઞ્ચલેર ભાષાનીતિ ગ્રહણ કરેછિલેન।” રાહુલ સાંકૃત્યાય઼ન બા અન્યાન્ય ભાષાર બિદ્બજ્જનેરા યાઁરા ચર્યાકે નિજ નિજ ભાષાર પ્રાચીન નિદર્શન બલે દાબિ કરેછિલેન, તાઁરા એઇ રકમ સુસ્પષ્ટ ઓ સુસંહત બૈજ્ઞાનિક પ્રમાણેર દ્બારા નિજેદેર દાબિ પ્રતિષ્ઠિત કરતે સક્ષમ હનનિ। ચર્યાપદેર ભાષા અસ્પષ્ટ ઓ દુર્બોધ્ય। સેઇ કારણે ચર્યાય઼ બ્યબહૃત ભાષાકે હરપ્રસાદ શાસ્ત્રી બલેછેન સન્ધ્યાભાષા। તાઁર મતે, “	સહજિય઼ા ધર્મેર સકલ બઇ-ઇ સન્ધ્યા ભાષાય઼ લેખા। સન્ધ્યા ભાષાર માને આલો-આઁધારિ ભાષા, કતક આલો, કતક અન્ધકાર, ખાનિક બુઝા યાય઼, ખાનિકટા બુઝા યાય઼ ના। અર્થા, એઇ સકલ ઉઁચુ અઙ્ગેર ધર્મકથાર ભિતરે એકટા અન્ય ભાબેર કથાઓ આછે। સેટા ખુલિય઼ા બ્યાખ્યા કરિબાર નય઼। યાઁહારા સાધનભજન કરેન તાઁહારાઇ સે કથા બુઝિબેન, આમાદેર બુઝિય઼ા કાજ નાઇ।	” બજ્રયાની ઓ સહજયાની ગ્રન્થકારગણ પ્રાય઼શ ‘સન્ધ્યાભાષય઼ા બોદ્ધબ્યમ્’ બલે એક રહસ્યેર ઇઙ્ગિત દિતેન। બજ્રયાની ગ્રન્થગુલિતે ‘સન્ધ્યાભાષા’ શબ્દટિ બહુલ-બ્યબહૃત। તિબ્બતિ ભાષાય઼ ‘સન્ધ્યાભાષા’ર અર્થ ‘પ્રહેલિકાચ્છલે ઉક્ત દુરુહ તત્ત્બેર બ્યાખ્યા’। યદિઓ મહામહોપાધ્યાય઼ બિધુશેખર શાસ્ત્રી ઓ ડક્ટર પ્રબોધચન્દ્ર બાગચી ‘સન્ધ્યા’ર બદલે સન્-ધા ધાતુ થેકે નિષ્પન્ન ‘સન્ધા’ શબ્દટિ બ્યબહારેર પક્ષપાતી। તાઁદેર મતે, ‘સન્ધ્યા’ લિપિકરદેર પ્રમાદ। ‘સન્ધા’ શબ્દેર અર્થ ‘અભિપ્રેત, ઉદ્દિષ્ટ, આભિપ્રાય઼િક બચન’।મ્યાક્સમુલાર ‘સન્ધા’ર અર્થ કરેછેન ‘પ્રચ્છન્ન ઉક્તિ’। ચર્યાર ધર્મીય઼ પ્રસઙ્ગેર સઙ્ગે ‘સન્ધા’ એ-દિક દિય઼ે યુક્તિગ્રાહ્ય હલેઓ, યેહેતુ અધિકાંશ પુઁથિતેઇ ‘સન્ધ્યા’ શબ્દટિ રય઼ેછે સેઇ કારણે હરપ્રસાદેર અર્થેઇ આધુનિક ગબેષકગણ એઇ શબ્દટિ ગ્રહણ કરેછેન।  ચર્યાપદેર ગુપ્ત ભાષાર બૌદ્ધ - તાન્ત્રિક બ્યાખ્યાર ચેષ્ટા કરા હય઼ેછે।', 'gu');
INSERT INTO `passage` (`id`, `content`, `test_id`) VALUES
(8, 'લર્ડ કાર્જન પર પર દુબાર ભારત સામ્રાજ્યેર અધિકર્તા છિલેન। તાઁર પ્રથમ બારેર શાસનકાલકે (૧૮૯૯-૧૯૦૪) ભારતે બ્રિટિશ સામ્રાજ્યેર સ્બર્ણયુગ બલા યાય઼। ગૌરબેર મધ્ય દિય઼ેઇ એ શાસનકાલેર સમાપ્તિ ઘટે। દ્બિતીય઼ બારે ભારતેર શાસનભાર ગ્રહણ કરે માત્ર એકબછરેર માથાય઼ તિનિ પદત્યાગ કરેન। તાઁર ગૃહીત બ્યબસ્થાદિ નિય઼ે સૃષ્ટ ચરમ બિતર્ક છિલ એ પદત્યાગેર કારણ। રક્ષણશીલ સરકારેર પ્રતિનિધિ હિસેબે બ્રિટિશ સામ્રાજ્યેર એકજન દક્ષ સદાશય઼ શાસકેર ભૂમિકા પાલન કરબેન એટિઇ છિલ તાઁર કાછે તાઁર સરકારેર પ્રત્યાશા। બા™Âી, કુશલી, પ્રાણબન્ત કાર્જન ઇતોપૂર્બે ચારબાર ભારત ભ્રમણ કરેછિલેન એબં તિન બછર છિલેન બિદેશ દપ્તરેર આન્ડાર સેક્રેટારિ। કાજેઇ તિનિ ભારત બિષય઼ે અજ્ઞ છિલેન એ કથા આદૌ બલા યાય઼ ના। તાઁર પૂર્બસૂરિ ઓય઼ેલેસલી એબં ડાલહૌસી-ર બેલાય઼ યેમનટિ કરા હય઼ેછિલ, તાઁર બેલાતે કિન્તુ તેમન સામ્રાજ્ય સ્થાપનેર પ્રત્યાશા તાઁર કાછે બ્રિટિશ પાર્લામેન્ટ કરે નિ; કારણ અસ્થિતિશીલ અબસ્થાય઼ હલેઓ સામ્રાજ્ય તખન બિદ્યમાન છિલ। સે સામ્રાજ્યકે તિનિ શક્ત ભિતેર ઉપર દઁાડ઼ કરાબેન, એટિઇ છિલ તાઁર કાછે બ્રિટિશ સરકારેર પ્રત્યાશા। સીમાન્ત નીતિ કાર્જનેર ગૃહીત પ્રથમ પદક્ષેપ છિલ ચિત્રલ, ખાઇબાર ઓ ખુર્‌રમ ઉપત્યકા થેકે સૈન્ય પ્રત્યાહાર। કારણ, એગુલિ સરાસરિ બ્રિટિશ શાસિત છિલ ના। પ્રય઼ોજને બ્રિટિશ સાહાય્ય નિય઼ે ઉક્ત અઞ્ચલેર ઉપજાતીય઼રા નિજેદેરકે રક્ષા કરબે-એટિઇ છિલ લર્ડ કાર્જનેર નીતિ। પ્રથમ બિશ્બયુદ્ધેર શેષ પર્યન્ત એ નીતિર ગુણેઇ સીમાન્ત અઞ્ચલ શાન્ત છિલ। એ નીતિર સમ્પૂરક હિસેબેઇ ઉત્તર-પશ્ચિમ સીમાન્ત પ્રદેશ સૃષ્ટિ કરા હય઼। અભ્યન્તરીણ પ્રશાસન ગ્રામ પર્યાય઼ે કર-આદાય઼ બ્યબસ્થાર મૂલ્યાય઼ન થેકે શુરુ કરે ભાઇસરય઼-એર ગૃહસ્થાલિર ખરચ પર્યન્ત એમન કોન બિષય઼ છિલ ના યા લર્ડ કાર્જન બ્યક્તિગતભાબે ખેઁાજ-ખબર કરતેન ના। સમગ્ર આમલા યન્ત્રટિકે તિનિ ઢેલે સાજાબાર બ્યબસ્થા કરેછિલેન। સંસ્કારેર પટભૂમિ હિસેબે તિનિ એક એક કરે પ્રતિટિ બિભાગેર દોષત્ર‚ટિ ચિહ્નિત કરેન। અફિસ-હાજિરાય઼ નિય઼મિત બિલમ્બ, ફાઇલેર શ્લથગતિ, ફાઇલે અહેતુક દીર્ઘ મન્તબ્ય, બાગાડ઼મ્બરપૂર્ણ કાર્ય બિબરણી, એક ટેબિલ થેકે આરેક ટેબિલે ફાઇલેર અન્તહીન ઓ ઉદ્દેશ્યહીન ચલાચલ, ગબાધા બસ્તુકે આદર્શ હિસેબે ગ્રહણ, તુચ્છ બિષય઼ે અધસ્તનેર ઉપર નિર્ભરતા ઇત્યાદિ લર્ડ કાર્જનકે પીડ઼િત કરત। તિનિ બ્યક્તિગતભાબે દાપ્તરિક ઉન્નય઼નેર જન્ય ગૃહીત બ્યબસ્થાદિર તદારકિ કરતેન। એમનકિ તિનિ આઇ.સિ.એસ. અફિસારદેર દાપ્તરિક કાજકર્મેરઓ હિસાબ-નિકાશ કરતેન એબં સુશાસનેર જન્ય ઉદ્યોગી હતે તાદેરકે નિર્દેશ દિતેન। પ્રથમદિકે એસબ અફિસારગણ તાઁર અભિભાબકસુલભ દૃષ્ટિભઙ્ગિર પ્રતિ શીતલ મનોભાબ પોષણ કરતેન બટે, તબે શેષદિકે તાઁરા નતિ સ્બીકાર કરેછિલેન એબં બ્રિટિશ આમલારા તાદેર પ્રધાનમન્ત્રીકે યેભાબે અનુસરણ કરે, ઠિક સેભાબેઇ લર્ડ કાર્જનકે અનુસરણ કરેછિલેન। ૧૯૦૩ સાલેર પુલિશ રિપોર્ટ-એર ઉપર ભિત્તિ કરે તિનિ ભારતીય઼ પુલિશ બાહિનીકે પુનર્ગઠિત કરેછિલેન। શ્લથગતિ સમ્પન્ન અફિસ પદ્ધતિતે તિનિ બ્યાપક પરિબર્તન એનેછિલેન। ભૂમિ બ્યબસ્થાય઼ લર્ડ કાર્જનેર કાજ પ્રશંસનીય઼। તિનિ લક્ષ કરેછિલેન યે, જમિદારિર અધીન કૃષકદેર તુલનાય઼ સરકારિ માલિકાનાધીન ખાસ જમિ ચાષકારી કૃષકદેર દેય઼ ખાજનાર પરિમાણ અનેક બેશિ। એ-કારણે તિનિ ખાસ જમિર ખાજનાર પરિમાણ હ્રાસ કરાર જન્ય નિર્દેશ જારિ કરેન। ભૂમિ બ્યબસ્થાય઼ તાઁર સબચેય઼ે ઉલ્લેખયોગ્ય અબદાન ‘પાઞ્જાબ લ્યાન્ડ એલિય઼ેનેશન અ્યાક્ટ’। એ આઇનેર લક્ષ્ય છિલ ઋણેર દાય઼ે કૃષકકે જમિ થેકે ઉખાત હઓય઼ા થેકે રક્ષા કરા ઓ અકૃષિજીબી માનુષકે જમિર નિય઼ન્ત્રણ ગ્રહણ કરા થેકે બિરત રાખા। બિજ્ઞાનભિત્તિક કૃષિ બ્યબસ્થાર ઉન્નતિ સાધનેર જન્ય તિનિ એકટિ કૃષિ બિભાગ સૃષ્ટિ કરેછિલેન। બિહારેર પુસાય઼ તિનિ પરીક્ષામૂલક ખામાર ઓ ગબેષણા ઇનસ્ટિટિઉટ સ્થાપન કરેન। મહાજનેર દાસત્બ થેકે કૃષક સમ્પ્રદાય઼કે મુક્ત કરાર જન્ય સમબાય઼ સમિતિ પ્રતિષ્ઠા કરેન લર્ડ કાર્જન। સમ્ભબત એટિઇ ભૂમિ બ્યબસ્થાય઼ ગૃહીત તાઁર પદક્ષેપસમૂહેર મધ્યે સર્બાપેક્ષા ગુરુત્બપૂર્ણ। લર્ડ કાર્જન ઉન્નતિ બલતે કૃષિ, શિલ્પ ઓ યાતાય઼ાત બ્યબસ્થાર સમમ્બિત ઉન્નતિ બુઝતેન। તાઇ એ તિનટિ દિકેર પ્રતિઇ તિનિ સમાન મનોયોગ દિય઼ેછિલેન। ઊનબિંશ શતાબ્દીર શેષનાગાદ ભારતે ૨૭૦૦૦ માઇલ રેલપથ છિલ। એર સઙ્ગે લર્ડ કાર્જન આરઓ ૬૦૦૦ માઇલ રેલપથ યોગ કરેન। પ્રબૃદ્ધિર હારેર દિક થેકે એટિ છિલ બિસ્મય઼કર। ઉન્નતતર બ્યબસ્થાપનાર જન્ય રેલપથકે પાબલિક ઓય઼ાર્કસ્‌ બિભાગ થેકે પૃથક કરે નતુન-સૃષ્ટ ‘રેલઓય઼ે બોર્ડ’-એર અધીને ન્યસ્ત કરા હય઼। એ બોર્ડ રાજ્યેર રેલપથેર પરિચાલન ઓ તાર બિકાશેર દાય઼િત્બ પાલન કરે। શિલ્પ ઓ બાણિજ્યેર તદારકિર જન્ય એકટિ નતુન શિલ્પ ઓ બાણિજ્ય દપ્તર સૃષ્ટિ કરા હય઼। સેચ બ્યબસ્થાર ઉન્નય઼નેઓ લર્ડ કાર્જન સમપરિમાણે ઉદ્યોગી હય઼ેછિલેન। એ બ્યબસ્થાર સમ્પ્રસારણેર જન્ય તિનિ ૪ કોટિ ટાકા બ્યય઼ કરેન એબં એતદુદ્દેશ્યે એકટિ કમિશન (સ્કટ-મનક્રિફ કમિશન) સ્થાપન કરેન। એકજન બડ઼ માપેર સામ્રાજ્યબાદી હઓય઼ા સત્ત્બેઓ લર્ડ કાર્જન સાંસ્કૃતિક કર્મકાણ્ડ દિય઼ે તાઁર જાગતિક કર્મકાણ્ડેર સમાપ્તિ ટાનેન। બ્રિટિશ શાસનેર નિદર્શન હિસેબે તિનિ કલકાતાય઼ નિર્માણ કરેન ‘ભિક્ટોરિય઼ા મેમોરિય઼ાલ’। બ્રિટિશ મિઉજિય઼ામ આર અક્સફોર્ડેર બોદલેઇય઼ાન લાઇબે્રરિર આદલે સ્થાપન કરેન ‘ઇમપેરિય઼ાલ લાઇબે્રરિ’। ભારતેર સાંસ્કૃતિક ઐતિહ્ય સંરક્ષણેર જન્ય લર્ડ કાર્જન પુરાતત્ત્બ બિભાગ પ્રતિષ્ઠા કરેન એબં એર માધ્યમે જેનારેલ કાનિંહામ સહ અન્યાન્યદેર દ્બારા પરિચાલિત ખનનકાર્યકે પ્રાતિષ્ઠાનિક ભિત્તિ દાન કરેન। ઐતિહાસિક સ્થાપના થેકે અફિસ ઓ અફિસારદેરકે તિનિ કઠોરભાબે ઉચ્છેદ કરેન। એ સકલ કાજ એબં પ્રત્નતાત્ત્બિક નિદર્શન સંરક્ષણ ઓ બ્યબસ્થાપનાર કાજે તિનિ સ્યાર જન માર્શાલ-એર મધ્યે નતુન કાનિંહામકે ખુઁજે પેય઼ેછિલેન। લર્ડ કાર્જનેર સર્બાપેક્ષા બિતર્કિત પદક્ષેપ છિલ બઙ્ગ-ભઙ્ગ। ચિર-અબહેલિત બાંલાર ભાગ્ય ઉન્નય઼નેર નામે તિનિ રાજ્યટિકે દુભાગે ભાગ કરેન ક. પશ્ચિમબઙ્ગ એબં ખ. પૂર્બબઙ્ગ ઓ આસામ। જાતીય઼તાબાદીરા એ બિભાજનકે સામ્રાજ્યબાદી નિય઼ન્ત્રણ પાકાપોક્ત કરાર અભિસન્ધિ હિસેબે દેખેન। કંગ્રેસ એકે ‘ડિભાઇડ અ્યાન્ડ રુલ’ (‘ભાગ કરો એબં શાસન કરો’) નીતિ હિસેબે આખ્યા દેય઼। બઙ્ગ-ભઙ્ગ રદ આન્દોલન સ્બદેશી ઓ સન્ત્રાસબાદી આન્દોલનેર રૂપ નેય઼। બલા બાહુલ્ય એ સ્બદેશી ઓ સન્ત્રાસબાદી આન્દોલન ભારતે બ્રિટિશ સામ્રાજ્યેર ભિત કઁાપિય઼ે દિય઼ેછિલ। ભારતીય઼દેર મોકાબિલાય઼ તિનિ સિદ્ધહસ્ત, એ બલે લર્ડ કાર્જન ગર્બબોધ કરતેન। એમનકિ તિનિ એકબાર કંગ્રેસેર જાતીય઼તાબાદી નેતાદેર સમ્પર્કે મન્તબ્ય કરેછિલેન યે, તારા ‘ગઙ્ગાય઼ તો આર આગુન લાગાતે પારબેના’। સેઇ આત્મબિશ્બાસી લર્ડ કાર્જન બઙ્ગ-ભઙ્ગકે ઘિરે જ્બલે ઓઠા સ્બદેશી ઓ સન્ત્રાસબાદી આન્દોલનેર મુખે હતાશ ઓ બિચલિત બોધ કરતે થાકેન। એમનકિ સસમ્માને પદત્યાગેર કથાઓ ભાબછિલેન તિનિ। ભારતીય઼ બાહિનીર પ્રધાન સેનાપતિ લર્ડ કિચેનાર (કરઃપયબહબ) તાઁકે સે સુયોગ એને દેન। સેનાબાહિનીર સંસ્કાર પ્રસઙ્ગે લર્ડ કિચેનાર-એર સઙ્ગે તાઁર ગભીર મતપાર્થક્ય દેખા દેય઼। કાર્જન અનુભબ કરેન યે, ‘ઇન્ડિય઼ા અફિસ’ કિચેનારેર પક્ષાબલમ્બન કરછે। એ પરિસ્થિતિતે લર્ડ કાર્જન ૧૯૦૫ સાલેર આગસ્ટ માસે પદત્યાગ કરેન એબં ‘ઇન્ડિય઼ા અફિસ’ તાક્ષણિકભાબે તાઁર પદત્યાગપત્ર ગ્રહણ કરે। બસ્તુતપક્ષે, કાર્જનેર એ પરિણતિર જન્ય દાય઼ી છિલ બાઙાલિ જાતીય઼તાબાદી ભદ્રલોક શ્રેણી। એદેર સમ્પર્કે કાર્જનેર અબજ્ઞાસૂચક મન્તબ્ય છિલ, ‘એરા પ્રેરણાસઞ્ચારી કિંબા પુરુષોચિત જાતિ નય઼।’', 'gu'),
(9, 'બાંલાદેશેર સ્બાધીનતા યુદ્ધ છિલ ૧૯૭૧ સાલે સંઘટિત તકાલીન પશ્ચિમ પાકિસ્તાનેર બિરુદ્ધે પૂર્બ પાકિસ્તાનેર સશસ્ત્ર સંગ્રામ, યાર માધ્યમે બાંલાદેશ એકટિ સ્બાધીન દેશ હિસાબે પૃથિબીર માનચિત્ર આત્મપ્રકાશ કરે। ૧૯૭૧ સાલેર ૨૫શે માર્ચ રાતેર અન્ધકારે પાકિસ્તાની સામરિક બાહિની પૂર્બ પાકિસ્તાને બાઙાલિ નિધને ઝાઁપિય઼ે પડ઼લે એકટિ જનયુદ્ધેર આદલે મુક્તિયુદ્ધ તથા સ્બાધીનતા યુદ્ધેર સૂચના ઘટે। પઁચિશે માર્ચેર કાલો રાતે પાકિસ્તાની સામરિક જાન્તા ઢાકાય઼ અજસ્ર સાધારણ નાગરિક, છાત્ર, શિક્ષક, બુદ્ધિજીબી, પુલિશ હત્યા કરે। ગ્રેફતાર કરા હય઼ ૧૯૭૦ સાલેર સાધારણ નિર્બાચને નિરઙ્કુશ સંખ્યાગરિષ્ઠતાપ્રાપ્ત દલ આઓય઼ામી લીગ પ્રધાન બાઙ્ગાલીર તકાલીન પ્રિય઼ નેતાબઙ્ગબન્ધુ શેખ મુજિબુર રહમાનકે। ગ્રેફતારેર પૂર્બે ૨૬શે માર્ચેર પ્રથમ પ્રહરે તિનિ બાંલાદેશેર સ્બાધીનતાર ઘોષણા દેન। પરિકલ્ગપિત ગણહત્યાર મુખે સારાદેશે શુરુ હય઼ે યાય઼ પ્રતિરોધયુદ્ધ; જીબન બાઁચાતે પ્રાય઼ ૧ કોટિ માનુષ પાર્શ્બબર્તી ભારતે આશ્રય઼ ગ્રહણ કરે। પાકિસ્તાની સામરિક બાહિનીર ઇસ્ટ બેઙ્ગલ રેજિમેન્ટ, ઇસ્ટ પાકિસ્તાન રાઇફેલસ (ઇપિઆર), ઇસ્ટ પાકિસ્તાન પુલિશ, સામરિક બાહિનીર બાઙ્ગાલી સદસ્ય એબં સર્બોપરિ બાંલાદેશેર સ્બાધીનતાકામી સાધારણ માનુષ દેશકે પાકિસ્તાની સામરિક બાહિનીર કબ્જા થેકે મુક્ત કરતે કય઼ેક માસેર મધ્યે ગડ઼ે તોલે મુક્તિબાહિની। ગેરિલા પદ્ધતિતે યુદ્ધ ચાલિય઼ે મુક્તિબાહિની સારાદેશે પાકિસ્તાની હાનાદાર બાહિનીકે બ્યતિબ્યસ્ત કરે તોલે। મુક્તિયુદ્ધ ચલાકાલીન સમય઼ે બાંલાદેશ ભારતેર કાછ થેકે અર્થનૈતિક, સામરિક ઓ કૂટનૈતિક સાહાય્ય લાભ કરે। ડિસેમ્બરેર શુરુર દિકે યખન પાકિસ્તાની સામરિક બાહિનીર પતન આનિબાર્ય હય઼ે ઓઠે, તખન પરિસ્થિતિકે ભિન્ન ખાતે પ્રબાહિત કરતે પાકિસ્તાન ભારતેર બિરુદ્ધે યુદ્ધ ઘોષણા કરે। અત:પર ભારત બાંલાદેશેર સ્બાધીનતા યુદ્ધે સરાસરિભાબે જડ઼િય઼ે પડ઼ે। મુક્તિબાહિની ઓ ભારતીય઼ સામરિક બાહિનીર સમ્મિલિત આક્રમણેર મુખે ઇતોમધ્યે પર્યદુસ્ત ઓ હતોદ્યમ પાકિસ્તાની સામરિક બાહિની આત્મસમર્પણેર સિદ્ધાન્ત ગ્રહણ કરે। ૧૬ઇ ડિસેમ્બર ઢાકાર રેસકોર્સ મય઼દાને પાકિસ્તાન ૯૩,૦૦૦ હાજાર સૈન્યસહ આનુષ્ઠાનિકભાબે આત્મસમર્પણ કરે। એરઇ માધ્યમે નય઼ માસ બ્યાપી રક્તક્ષય઼ી મુક્તિયુદ્ધેર અબસાન હય઼; પ્રતિષ્ઠિત હય઼ બાઙ્ગાલી જાતિર પ્રથમ સ્બાધીન રાષ્ટ્ર બાંલાદેશ। મુક્તિબાહિનીર તીબ્ર આક્રમણેર માધ્યમે સીમાન્તબર્તી બર્ડાર પોસ્ટગુલો એકે એકે દખલ કરે નિતે શુરુ કરે। બાંલાદેશેર નિય઼મિત બાહિની કમલપુર, બિલોનિય઼ા, બય઼રા પ્રભૃતિ બર્ડાર પોસ્ટે હામલા કરે એબં ૩૦૭ટિ પોસ્ટેર ૯૦ટિઇ દખલ કરે નેય઼। પાશાપાશિ ગેરિલા બાહિનીર હામલાઓ તીબ્રતર હય઼ે ઓઠે। પાકિસ્તાની બાહિની ઓ તાદેર દોસર રાજાકાર બાહિનીર નિય઼મિત કાજ છિલ સાધારણ માનુષેર ઓપર અત્યાચાર કરા એબં દેશપ્રેમિક બાઙ્ગાલીદેર નિર્યાતન કરા। સીમાન્તે ઓ દેશેર અભ્યન્તરે મુક્તિયોદ્ધાદેર પ્રચણ્ડ આક્રમણેર જબાબે તારા એ અત્યાચારેર માત્રા આરો બાડ઼િય઼ે દેય઼। કિન્તુ અક્ટોબરેર શેષેર દિકે મુક્તિબાહિનીર પ્રબલ પ્રતિરોધેર સમ્મુખીન હય઼ે તારા દિનેર બેલાતેઓ નિજેદેર સામરિક ઘાઁટિ થેકે બેર હતે ભય઼ પેત। એમન પરિસ્થિતિતે પશ્ચિમ પાકિસ્તાન થેકે જરુરી ભિત્તિતે ૫ બ્યાટાલિય઼ન સૈન્ય તલબ કરા હય઼। મુક્તિયોદ્ધાદેર આક્રમણ ઓ પાલ્ટા આક્રમણે ક્રમાન્બય઼ે પાકિસ્તાની સામરિક બાહિનીર અબસ્થા એતટાઇ શોચનીય઼ હય઼ે પડ઼ે યે ઉપાય઼ન્તર ના દેખે ઘટના ભિન્ન ખાતે પરિચાલિત કરતે તારા ડિસેમ્બરેર ૩ તારિખ ભારતેર બિરુદ્ધે યુદ્ધ ઘોષણા કરે। ૧૯૭૧-એર ૩ ડિસેમ્બર બિકેલ પાઁચટાય઼ રેડિઓ પાકિસ્તાન સંક્ષિપ્ત એક બિશેષ સંબાદ પ્રચાર કરે યે ‘ભારત પશ્ચિમ પાકિસ્તાનેર સીમાન્તજુડ઼ે આક્રમણ શુરુ કરેછે। બિસ્તારિત ખબર એખનો આસછે।’ પાઁચટા ૯ મિનિટે પેશોય઼ાર બિમાનબન્દર થેકે ૧૨ટિ યુદ્ધબિમાન ઉડ઼ે યાય઼ કાશ્મીરેર શ્રીનગર ઓ અનન્તપુરેર ઉદ્દેશ્યે એબંસારગોદા બિમાનઘાઁટિ થેકે આટટિ મિરેજ બિમાન ઉડ઼ે યાય઼ અમૃતસર ઓ પાઠાનકોટેર દિકે। દુટિ યુદ્ધબિમાન બિશેષભાબે પ્રેરિત હય઼ ભારત ભૂખણ્ડેર ગભીરે આગ્રાય઼ આઘાત કરાર ઉદ્દેશ્યે। મોટ ૩૨ટિ યુદ્ધબિમાન અંશ નેય઼ એઇ આક્રમણે। ૩રા ડિસેમ્બર બિકેલે પ્રધાનમન્ત્રી ઇન્દિરા ગાન્ધી કોલકાતાર બ્રિગેડ પ્યારેડ મય઼દાને એક બિશાલ જનસભાય઼ બક્તૃતાદાનકાલે ભારતેર બિભિન્ન બિમાન ઘાઁટિતે પાકિસ્તાનેર ઉલ્લિખિત બિમાન-આક્રમણ શુરુ હય઼। અબિલમ્બે તિનિ દિલ્લી પ્રત્યાબર્તન કરેન। મન્ત્રિસભાર જરુરી બૈઠકેર પર મધ્યરાત્રિર કિછુ પરે બેતાર બક્તૃતાય઼ તિનિ જરુરિ અબસ્થા ઘોષણા કરે બલેન, એતદિન ધરે “બાંલાદેશે યે યુદ્ધ ચલે આસછિલ તા ભારતેર બિરુદ્ધે યુદ્ધે પરિણત હય઼ેછે।” ભારતઓ એર જબાબે પાકિસ્તાનેર બિરુદ્ધે યુદ્ધ ઘોષણા કરે એબં તાદેર પશ્ચિમ સીમાન્તે પાકિસ્તાનેર હામલા પ્રતિહત કરે। ભારતેર સામરિક બાહિની બાંલાદેશેર મુક્તિબાહિનીર સાથે યુક્ત હય઼ે યૌથબાહિની તૈરિ કરે બાંલાદેશેર અભ્યન્તરે પ્રબેશ કરે।૪ઠા ડિસેમ્બર થેકે ભારતીય઼ સ્થલબાહિનીર સમ્મુખ અભિયાન શુરુ હય઼ ચારટિ અઞ્ચલ થેકે: (૧) પૂર્બે ત્રિપુરા રાજ્ય થેકે તિન ડિભિશનેર સમબાય઼ે ગઠિત ૪ર્થ કોર સિલેટ-બ્રાહ્મણબાડ઼િય઼ા-કુમિલ્લા-નોય઼ાખાલી અભિમુખે; (૨) ઉત્તરાઞ્ચલ થેકે દુ’ડિભિશનેર સમબાય઼ે ગઠિત ૩૩તમ કોર રંપુર-દિનાજપુર-બગુડ઼ા અભિમુખે; (૩) પશ્ચિમાઞ્ચલ થેકે દુ’ડિભિશનેર સમબાય઼ે ગઠિત ૨ય઼ કોર યશોર-ખુલના-કુષ્ટિય઼ા-ફરિદપુર અભિમુખે; એબં (૪) મેઘાલય઼ રાજ્યેર તુરા થેકે ડિભિશન અપેક્ષા કમ આર એકટિ બાહિની જામાલપુર-મય઼મનસિંહ અભિમુખે। યૌથબાહિનીર પ્રબલ આક્રમણેર મુખે સારા દેશેર સીમાન્તબર્તી યુદ્ધક્ષેત્રગુલો થેકે પાકિસ્તાનીરા પિછુ હટતે શુરુ કરે। એકેર પર એક પાકિસ્તાની ઘાઁટિર પતન હતે થાકે। પાકિસ્તાનીરા અલ્પ કિછુ જાય઼ગાય઼ તાદેર સામરિક શક્તિ જડ઼ કરેછિલ; યૌથબાહિની તાદેર એડ઼િય઼ે અત્યન્ત દ્રુતગતિતે ઢાકાર દિકે એગિય઼ે યેતે થાકે। બાંલાદેશેર આપામર જનતાઓ સ્બતઃસ્ફૂર્તભાબે મુક્તિયોદ્ધાદેર સહાય઼તાય઼ એગિય઼ે આસે। આનુષ્ઠાનિક યુદ્ધ ઘોષણાર માત્ર ૧૩ દિનેર માથાય઼ યૌથબાહિની ઢાકાર દોરગોડ઼ાય઼ પૌઁછે યાય઼। એર આગેઇ બિમાન હામલા ચાલિય઼ે પાકિસ્તાની બિમાન બાહિની પરાસ્ત કરે ઢાકાર સકલ સામરિક બિમાન ઘાઁટિર રાનઓય઼ે બિધ્બસ્ત કરે દેય઼ા હય઼। તકાલીન પાકિસ્તાની ઉર્ધ્બતન અફિસારરા પશ્ચિમ પાકિસ્તાન થેકે આશ્બાસ પેય઼ેછિલ ઉત્તરે ચીન ઓ દક્ષિણે આમેરિકા થેકે તાદેર જન્ય સહાય઼તા આસબે, કિન્તુ બાસ્તબે તાર દેખા મેલે ના। આત્મસમર્પણેર દલિલે ભારતીય઼ લેટ. જેન. જે. એસ. અરોરા એબં પાકિસ્તાની લેટ. જેન. એ. એ. કે નિય઼ાજીર સ્બાક્ષર। ડિસેમ્બરેર શુરુતે બાંલાદેશેર સ્બાધીનતા યુદ્ધે ભારત સરાસરિભાબે જડ઼િય઼ે પડ઼ે। મુક્તિબાહિની ઓ ભારતીય઼ સામરિક બાહિનીર સમ્મિલિત આક્રમણેર મુખે ઇતોમધ્યે પર્યદુસ્ત ઓ હતોદ્યમ પાકિસ્તાની સામરિક બાહિની આત્મસમર્પણેર સિદ્ધાન્ત ગ્રહણ કરે। ૧૬ઇ ડિસેમ્બર ઢાકાર રેસકોર્સ મય઼દાને પાકિસ્તાન ૯૩,૦૦૦ હાજાર સૈન્યસહ આનુષ્ઠાનિકભાબે આત્મસમર્પણ કરે। એરઇ માધ્યમે નય઼ માસ બ્યાપી રક્તક્ષય઼ી મુક્તિયુદ્ધેર અબસાન હય઼; પ્રતિષ્ઠિત હય઼ બાઙ્ગાલી જાતિર પ્રથમ સ્બાધીન રાષ્ટ્ર બાંલાદેશ। પાકિસ્તાની ઇસ્ટાર્ન કમાન્ડ સેનાબાહિનીર કમાન્ડાર, લે જેનારેલ એ.એ.કે નિય઼ાજિ, ભારત ઓ બાંલાદેશ બાહિનીર ચીફ, અફિસાર પૂર્બ થિય઼ેટાર, લે જેનારેલ જગજિ સિં અરરાર સામને આત્મસમર્પનેર નિર્દશનપત્રે સ્બાક્ષર કરછેન, ૧૬ ડિસેમ્બર, ૧૯૭૧ ૯ ડિસેમ્બર એક બાર્તાય઼ ગભર્નર માલિક પાકિસ્તાનેર પ્રેસિડેન્ટકે જાનાન, ‘સામરિક પરિસ્થિતિ નાજુક હય઼ે પડ઼ેછે। પશ્ચિમે શત્રુ ફરિદપુરેર કાછે ચલે એસેછે એબં પૂર્બે લાકસામ ઓ કુમિલ્લાય઼ આમાદેર બાહિનીકે પાશ કાટિય઼ે મેઘના નદીર ધારે પૌઁછેછે। બાઇરેર સાહાય્ય યદિ ના આસે, તબે શત્રુ યેકોનો દિન ઢાકાર ઉપકણ્ઠે પૌઁછે યાબે। પુનરાય઼ આપનાકે બલછિ, આશુ યુદ્ધબિરતિ ઓ રાજનૈતિક સમાધાનેર કથા બિબેચના કરુન।’એરપર ૧૦ ડિસેમ્બર ગભર્નરેર સામરિક ઉપદેષ્ટા મેજર જેનારેલ રાઓ ફરમાન આલી ઓ મુખ્ય સચિબ પશ્ચિમ પાકિસ્તાનિ અફિસાર મુજાફફર હોસેન ક્યાન્ટનમેન્ટે જેનારેલ નિય઼ાજિર સઙ્ગે બિસ્તારિત આલોચના કરેન એબં ઢાકાય઼ જાતિસંઘેર પ્રતિનિધિર કાછે ‘આત્મસમર્પણેર’ આબેદન હસ્તાન્તર કરેન। એતે અબશ્ય કૌશલે આત્મસમર્પણ શબ્દટિ બાદ દિય઼ે અસ્ત્રસંબરણ કથાટિ બ્યબહાર કરા હય઼। એઇ આબેદને આરો લેખા છિલ , ‘યેહેતુ સંકટેર ઉદ્ભબ હય઼ેછે રાજનૈતિક કારણે, તાઇ રાજનૈતિક સમાધાન દ્બારા એર નિરસન હતે હબે। આમિ તાઇ પાકિસ્તાનેર પ્રેસિડેન્ટ દ્બારા અધિકારપ્રાપ્ત હય઼ે પૂર્બ પાકિસ્તાનેર નિર્બાચિત જનપ્રતિનિધિદેર ઢાકાય઼ સરકાર ગઠનેર જન્ય આહ્બાન જાનાઇ। આમિ શાન્તિપૂર્ણભાબે ક્ષમતા હસ્તાન્તરેર બ્યબસ્થા નેઓય઼ાર જન્ય જાતિસંઘકે આહ્બાન જાનાઇ।’ એઇ આબેદન ઢાકાય઼ જાતિસંઘેર પ્રતિનિધિ પલ માર્ક હેનરિર હાતે દેઓય઼ા હય઼। પાકિસ્તાનિ મહલે બાર્તાટિ માલિક-ફરમાન આલી બાર્તા હિસેબે પરિચિતિ પાય઼। પરદિન તા આબાર પ્રત્યાહાર કરે નેઓય઼ા હય઼। મુક્તિયોદ્ધા ઓ ભારતીય઼ સેનારા ઢાકા ઘેરાઓ કરે પાકિસ્તાન સેનાબાહિનીકે આત્મસમર્પન કરાર જન્યે આહબાન કરે। ગભર્ણર હાઉજે (બર્તમાન બઙ્ગભબન) બોમા ફેલાર કારણે ગભર્ણર માલેકેર નેતૃત્બાધીન પાકિસ્તાનેર પદલેહી સરકારઓ ઇતિમધ્યે પદત્યાગ કરે હોટેલ ઇન્ટાર કન્ટિનેન્ટાલ (બર્તમાન હોટેલ શેરાટન) આશ્રય઼ નેય઼। સમય઼ થાકતે શાન્તિપૂર્ણભાબે આત્મસમર્પણેર આહબાન જાનિય઼ે આકાશ થેકે અનબરત લિફલેટ ફેલા હતે થાકે। ૧૬ ડિસેમ્બર બિકેલે રેસકોર્સ મય઼દાને (બર્તમાન સોહરાઓય઼ાર્દી ઉદ્યાન) બાંલાદેશે અબસ્થિત પાકિસ્તાની સામરિક બાહિનીર અધિનાય઼ક લેઃ જેઃ એ. એ. કે નિય઼ાજી હાજાર હાજાર ઉફુલ્લ જનતાર સામને આત્મસમર્પણેર દલિલે સ્બાક્ષર કરે। પ્રાય઼ ૯૩,૦૦૦ પાકિસ્તાની સૈન્ય આત્મસમર્પણ કરે, યા છિલ દ્બિતીય઼ બિશ્બયુદ્ધેર પર સર્બબૃહ આત્મસમર્પણ અનુષ્ઠાન। બાંલાદેશેર માનુષેર બહુ આકાઙ્ખિત બિજય઼ ધરા દેય઼ યુદ્ધ શુરુર નય઼ માસ પર। ૧૬ ડિસેમ્બર પાકિસ્તાન સેનાબાહિની આત્મસમર્પન કરલેઓ સારા દેશે સકલ પાકિસ્તાનીદેર આત્મસમર્પણ કરાતે ૨૨ ડિસેમ્બર પર્યન્ત હય઼ે યાય઼। પાકિસ્તાની બાહિનીર આત્મસમર્પણેર દિનઇ સપ્તમ નૌબહર પ્રબેશ કરે બઙ્ગોપસાગરેર દક્ષિણતમ પ્રાન્તે। કિન્તુ બાંલાદેશ તખન પાકિસ્તાનેર દખલ થેકે સમ્પૂર્ણભાબે મુક્ત।', 'gu');
INSERT INTO `passage` (`id`, `content`, `test_id`) VALUES
(10, 'કણિકા બન્દ્યોપાધ્યાય઼ (જન્મ:૧૨ અક્ટોબર ૧૯૨૪ – મૃત્યુ: ૫ એપ્રિલ ૨૦૦૦) એકજન સ્બનામધન્ય ભારતીય઼ બાઙાલિ રબીન્દ્રસંગીત શિલ્પી ઓ શિક્ષિકા। રબીન્દ્રસઙ્ગીત જગતેર સર્બકાલેર સર્બશ્રેષ્ઠ શિલ્પીદેર મધ્યે કણિકા બન્દ્યોપાધ્યાય઼ અન્યતમ। બિશેષત ટપ્પા અઙ્ગેર રબીન્દ્રસંગીતે તિનિ છિલેન અપ્રતિદ્બન્દ્બી એક ગાય઼િકા। રબીન્દ્રસઙ્ગીત છાડ઼ા અતુલપ્રસાદેર ગાનેઓ તિનિ સમાન પારદર્શી છિલેન; યદિઓ એઇ ધારાય઼ તાઁર રેકર્ડ સંખ્યા ખુબ બેશિ નય઼। જીબનેર અધિકાંશ સમય઼ શાન્તિનિકેતને અતિબાહિત કરલેઓ તાઁર જનપ્રિય઼તા પશ્ચિમબઙ્ગેર સીમાના છાડ઼િય઼ે બાંલાદેશેઓ પરિબ્યાપ્ત છિલ। કલકાતા પૌરસંસ્થા તાઁર સમ્માને કલકાતાર ભિક્ટોરિય઼ા મેમોરિય઼ાલ ઓ રબીન્દ્ર સદનેર મધ્યબર્તી મય઼દાનેર એકાંશે એકટિ સુરમ્ય સુબૃહ ઉદ્યાન ઉસર્ગ કરેછેન।  પરિચ્છેદસમૂહ      ૧ જીબન         ૧.૧ જીબનારમ્ભ         ૧.૨ પ્રથમ રેકર્ડ         ૧.૩ શિક્ષાજીબન         ૧.૪ કર્મજીબન ઓ પારિબારિક જીબન         ૧.૫ આનન્દધારા બહિછે ભુબને ગાનટિર રેકર્ડ         ૧.૬ બિદેશ સફર         ૧.૭ આપ્તજન         ૧.૮ શેષજીબન     ૨ રેકર્ડ         ૨.૧ રેકર્ડે રબીન્દ્રસંગીત         ૨.૨ રેકર્ડે રબીન્દ્રનાટક         ૨.૩ ચલચ્ચિત્રે રબીન્દ્રસંગીત         ૨.૪ અન્યાન્ય ધારાર ગાન     ૩ સમ્માનના     ૪ રચિત ગ્રન્થાબલિ     ૫ કણિકા બન્દ્યોપાધ્યાય઼ સમ્પર્કે બિદગ્ધજનેર મત         ૫.૧ રબીન્દ્રનાથ ઠાકુર         ૫.૨ શૈલજારઞ્જન મજુમદાર         ૫.૩ જ્ઞાનપ્રકાશ ઘોષ     ૬ તથ્યસૂત્ર     ૭ પાદટીકા  જીબન જીબનારમ્ભ  કણિકા બન્દ્યોપાધ્યાય઼ેર જન્મ બર્તમાન પશ્ચિમબઙ્ગેર બાઁકુડ઼ા જેલાર સોનામુખીતે। પિતા સત્યચરણ મુખોપાધ્યાય઼ છિલેન બિશ્બભારતી ગ્રન્થાગારેર કર્મી ઓ મા અનિલા દેબી છિલેન શાન્તિનિકેતનેર આશ્રમજનની। તાઁદેર પાઁચ કન્યા ઓ તિન પુત્રેર મધ્યે કણિકા છિલેન જ્યેષ્ઠ। પિતૃદત્ત નામ અનિમા। છેલેબેલા કાટે બિષ્ણુપુરેર મામાબાડ઼િર યૌથ પરિબારે। પરે ખુબ અલ્પબય઼સે પિતાર કર્મસ્થલ શાન્તિનિકેતને ચલે આસેન। ભર્તિ હન બ્રહ્મચર્યાશ્રમ બિદ્યાલય઼ે। તાઁર સ્મૃતિકથા થેકે જાના યાય઼ એઇ સમય઼ એક કાલબૈશાખીર સન્ધ્યાય઼ ઉત્તરાય઼ણેર બાગાને આમ ચુરિ કરતે ગિય઼ે રબીન્દ્રનાથેર સઙ્ગે તાઁર પ્રથમ સાક્ષા। સહજાતસઙ્ગીત પ્રતિભાર કારણે તિનિ સેઇ બય઼સેઇ કબિર બિશેષ સ્નેહભાજન હય઼ે પડ઼ેન। તાઁર નિજેર કથાય઼, “ 	તતદિને તાઁર સઙ્ગે આમાર સમ્પર્ક યેન કત સહજ। આજ જાનિ, તખનઇ તિનિ અન્યદેર કાછે કત ‘મહાન’, કત ‘બિરાટ’, કત ‘બિશાલ’, કિન્તુ તખન તિનિ આમાર અતિ આપનજન। આમાર આબદાર કરાર, આમાર નાલિશ જાનાબાર, આમાર અભિમાન કરબાર, આમાર સમાધાન ખુઁજે દેબાર માનુષ તિનિ। [૧] 	”  ૧૯૩૫ સાલે રબીન્દ્રનાથ તાઁર ‘અણિમા’ નામટિ પરિબર્તન કરે ‘કણિકા’ રાખેન। અબશ્ય ડાકનામ હિસાબે તિનિ બ્યબહાર કરતેન ‘મોહર’। પરે અબનીન્દ્રનાથ ઠાકુર તાઁર એઇ ‘મોહર’ નામટિ બિસ્તારિત કરે બલેછિલેન ‘આકબરી મોહર’। ૧૯૩૫ સાલેઇ શિશુશિલ્પી હિસાબે પ્રથમ મઞ્ચાબતરણ કરેન કણિકા। શાન્તિનિકેતનેર શારદોસબે એકટિ અનુષ્ઠાને બાલક-બાલિકાદેર દલે અંશ નિય઼ેછિલેન તિનિ। જાના યાય઼, રબીન્દ્રનાથેર સઙ્ગે તાઁર સેઇ પ્રથમ ઓ શેષ મઞ્ચાબતરણ; કારણ સેઇ અનુષ્ઠાનટિઇ છિલ રબીન્દ્રનાથેર શેષ મઞ્ચાભિનય઼। ૨૪ જુલાઇ ૧૯૪૦ બોલપુર ટેલિફોન કેન્દ્રેર ઉદ્બોધની અનુષ્ઠાને તિનિ ઓગો તુમિ પઞ્ચદશી ગાનટિ ગેય઼ેછિલેન। ગાનટિ તિનિ સરાસરિ રબીન્દ્રનાથેર કાછેઇ શેખેન। એઇ અનુષ્ઠાનટિ બેતારે સમ્પ્રચારિત હય઼। એટિઇ કણિકાર પ્રથમ બેતાર અનુષ્ઠાન। એરપર ૧૯૩૭ સાલે પ્રથમ કલકાતાર છાય઼ા સિનેમા હલે આય઼ોજિત બર્ષામઙ્ગલ ઉસબે કણિકા રબીન્દ્રનાથેર સઙ્ગે દ્બૈતકણ્ઠે છાય઼ા ઘનાઇછે બને બને ગાનટિ ગેય઼ેછિલેન। કલકાતાર મઞ્ચે રબીન્દ્રસઙ્ગીત શિલ્પીરૂપે સેટિઇ છિલ તાઁર પ્રથમ આત્મપ્રકાશ। એઇ સમય઼ે અનેકગુલિ ગાન રબીન્દ્રનાથ તાઁકે સ્બય઼ં શિખિય઼ેછિલેન। કણિકા અભિનય઼ કરેછિલેન તાસેર દેશ નાટકેર દહલાની, ડાકઘર નાટકેર સુધા, બિસર્જન નાટકેર અપર્ણા ઓ બશીકરણ નાટકેર નિરુપમા ચરિત્રે। પ્રથમ રેકર્ડ  ૧૯૩૮ સાલેર ફેબ્રુય઼ારિ માસે નીહારબિન્દુ સેનેર કથાય઼ ઓ હરિપદ ચટ્ટોપાધ્યાય઼ેર સુરે દુટિ આધુનિક ગાન રેકર્ડ કરેન કણિકા। ગાનદુટિ છિલ ઓરે ઓઇ બન્ધ હલ દ્બાર ઓ ગાન નિય઼ે મોર ખેલા। એઇ રેકર્ડઇ તાઁર જીબનેર પ્રથમ રેકર્ડ। જાના યાય઼, પ્રિય઼ છાત્રી જીબનેર પ્રથમ રેકર્ડે તાઁર ગાનેર પરિબર્તે આધુનિક ગાન ગેય઼ેછે શુને દુઃખ પાન રબીન્દ્રનાથ। બ્યથિત કણિકાઓ આધુનિક ગાનેર જગતે પ્રબેશ ના કરાર સિદ્ધાન્ત નેન। સેઇ બછરેઇ હિન્દુસ્તાન રેકર્ડ કોમ્પાનિ થેકે તાઁર પ્રથમ રબીન્દ્રસઙ્ગીતેર રેકર્ડ પ્રકાશિત હય઼। એઇ ગ્રામોફોન રેકર્ડેર એકપિઠે છિલ મને કી દ્બિધા રેખે ગેલે ચલે એબં અન્યપિઠે છિલ ના ના ના ડાકબ ના, ડાકબ ના। ૧૯૩૮ સાલેર સેપ્ટેમ્બર માસે હિન્દુસ્તાન રેકર્ડેર તાલિકા પુસ્તિકાય઼ લેખા હય઼ – “ 	કુમારી કણિકા મુખાર્જ્જિર પ્રથમ રેકર્ડખાનિ સકલેર તૃપ્તિ સાધન કરિય઼ાછે। એબાર તાહાર આર એકખાનિ રેકર્ડ બાહિર હઇલ। એઇ ગાન દુખાનિ શુનિય઼ા સકલેઇ પ્રીતિલાભ કરિબેન।[૨] 	”  એઇ ગાન દુટિ છિલ ઘરેતે ભ્રમર એલો ગુનગુનિય઼ે ઓ ઓઇ માલતીલતા દોલે। પૂર્બેર રેકર્ડ ઓ એઇ રેકર્ડેર ચારખાનિ ગાનઇ રબીન્દ્રનાથેર શોના કણિકાર રેકર્ડધૃત ગાન। જાના યાય઼, એઇ ગાનગુલિ શુને તિનિ ખુશિ હય઼ેછિલેન। શિક્ષાજીબન  ૧૯૪૧ સાલે રબીન્દ્રનાથેર મૃત્યુર સમય઼ કણિકા છિલેન શાન્તિનિકેતને। એઇ સમય઼ રબીન્દ્રનાથેર નિર્દેશ મતો સમુખે શાન્તિપારાબાર ગાનટિ યે બૃન્દદલે ગાઓય઼ા હય઼, સેઇ દલે છિલેન કણિકા। પ્રસઙ્ગત ઉલ્લેખ્ય, એઇ ગાનટિ મૃત્યુર કય઼ેક બછર આગે રચના કરલેઓ, રબીન્દ્રનાથેર નિર્દેશે તાઁર મૃત્યુર પરેઇ પ્રકાશિત ઓ ગીત હય઼। એરપર ઇન્દિરા દેબી ચૌધરાની, શૈલજારઞ્જન મજુમદાર, શાન્તિદેબ ઘોષ, અમિતા સેન, રમા કર પ્રમુખ ખ્યાતનામા રબીન્દ્રસઙ્ગીત શિક્ષકેર કાછે ગાન શિખતે થાકેન કણિકા। શાસ્ત્રીય઼ સંગીતે તાલિમ નેન હેમેન્દ્રલાલ રાય઼, અશેષ બન્દ્યોપાધ્યાય઼, ભિ ભિ ઓય઼ાજેલઓય઼ાર, પિ એન ચિનચોર ઓ ધ્રુબતારા યોશિર કાછે। ભજન શેખેન જ્ઞાનપ્રકાશ ઘોષ ઓ પ્રકાશકાલી ઘોષાલેર કાછે। કૃષ્ણા ચટ્ટોપાધ્યાય઼ેર પિતા હરેન્દ્રનાથ ચટ્ટોપાધ્યાય઼ેર નિકટ શેખેન અતુલપ્રસાદેર ગાન। એછાડ઼ાઓ કમલ દાશગુપ્ત ઓ ફિરોજા બેગમેર કાછે કિછુકાલ નજરુલગીતિઓ શેખેન કણિકા। કર્મજીબન ઓ પારિબારિક જીબન  ૧૯૪૨ સાલ થેકે તિનિ હિજ માસ્ટાર્સ ભય઼ેસેર શિલ્પી। ૧૯૪૩ સાલે બિશ્બભારતીરસઙ્ગીત ભબને રબીન્દ્રસઙ્ગીત શિક્ષિકા હિસાબે યોગદાન કરેન કણિકા। એઇ બછરેઇ આકાશબાણીર નિય઼મિત શિલ્પીરૂપે તાઁર યોગદાન। પરબર્તીકાલે બિશ્બભારતીર એમિરિટાસ અધ્યાપકઓ હન તિનિ। ૧૯૪૪ સાલે કલકાતાય઼ ગીતબિતાનસઙ્ગીત બિદ્યાલય઼ેર પક્ષ થેકે નૃત્યનાટ્ય માય઼ાર ખેલા મઞ્ચસ્થ હલે કણિકા સેઇ નાટકે પ્રમદાર ચરિત્રટિ કરેન। એઇ અનુષ્ઠાનેઇ હેમન્ત મુખોપાધ્યાય઼ેર સૂત્રે તિનિ પરિચિત હન બાઁકુડ઼ાર બીરેન્દ્રનાથ બન્દ્યોપાધ્યાય઼ેર સઙ્ગે। પરેર બછર બૈશાખ માસે બીરેન્દ્રનાથ બન્દ્યોપાધ્યાય઼ેર સઙ્ગે તિનિ આબદ્ધ પરિણય઼-સૂત્રે। પ્રસઙ્ગત ઉલ્લેખ્ય, બીરેનબાબુ છિલેન બિશ્બભારતી ગ્રન્થાગારેર કર્મી, રબીન્દ્ર-બિશારદ ઓ આત્મકથા બાદે કણિકા બન્દ્યોપાધ્યાય઼ લિખિત સકલ ગ્રન્થેર સહલેખક। આનન્દધારા બહિછે ભુબને ગાનટિર રેકર્ડ  આનન્દધારા બહિછે ભુબને કણિકા બન્દ્યોપાધ્યાય઼ેર સર્બાધિક જનપ્રિય઼ રબીન્દ્રસંગીત। ૧૯૫૬ સાલે એઇ ગાનટિ તિનિ પ્રથમ રેકર્ડ કરેન। ગાનટિ તિનિ શિખેછિલેન સંગીતાચાર્ય રમેશ બન્દ્યોપાધ્યાય઼ેર કાછ થેકે। રમેશબાબુ ગાનટિર મૂલ સુરટિ જાનતેન ના। તાઇ સ્બરબિતાન-સમ્મત મિશ્ર માલકોષ રાગેર બદલે તિનિ કણિકાકે ગાનટિ શેખાન શુદ્ધ માલકોષ રાગે। આશ્ચર્યેર બિષય઼ એઇ યે એ હેન સુર બિકૃતિ બિશ્બભારતીસઙ્ગીત સમિતિ શુધુ અનુમોદનઇ કરેનિ, ગાનટિર જનપ્રિય઼તાય઼ પ્રભાબિત હય઼ે કણિકા બન્દ્યોપાધ્યાય઼ ગીત સુરટિર સ્બરલિપિ ભિ બાલસારાકે દિય઼ે લિખિય઼ે તા સ્બરબિતાનભુક્ત કરે નેય઼। આજઓ અન્યાન્ય શિલ્પીરાઓ જનપ્રિય઼તાર બિપરીતે ગિય઼ે ગાનટિ મૂલ સુરે ગાઇબાર સાહસ બડ઼ એકટા દેખાન ના। પરે આરઓ દુબાર એઇ સુરેઇ ગાનટિ રેકર્ડ કરેન કણિકા સ્બય઼ં। એઇ ગાનટિ છાડ઼ા બાજે કરુણ સુરે ગાનટિઓ કણિકા સ્બરલિપિ-બહિર્ભૂત પ્રથાય઼ ગેય઼ેછિનિકાએઇ બિષય઼ે બિશદ તથ્ય મિલબે શ્રી સૌરભ ગઙ્ગોપાધ્યાય઼ રચિત કાર ગાન કાર સુર શીર્ષક નિબન્ધે,પ્રકાશિત હય઼ેછિલ  દલછુટ ખુદેપત્રીર જાનુય઼ારિ ૨૦૧૧ સંખ્યાય઼।  બિદેશ સફર  કણિકા બન્દ્યોપાધ્યાય઼ એકાધિકબાર બિદેશ ભ્રમણ કરેન। ૧૯૭૪, ૧૯૭૮ ઓ ૧૯૮૪ સાલે માર્કિન યુક્તરાષ્ટ્ર ઓ કાનાડા; ૧૯૭૬, ૧૯૮૦ ઓ ૧૯૮૬ સાલે ઇંલ્યાન્ડ એબં ૧૯૮૦ સાલેઇ જાર્માનિ, ડેનમાર્ક, સુઇજારલ્યાન્ડ-સહ ઇઉરોપેર બિભિન્ન દેશ સફર કરેન। કિન્તુ તાઁર આત્મકથા તિનિ બિશેષભાબે ઉલ્લેખ કરેન તાઁર યે બિદેશ-ભ્રમણેર કથા સેટિ બાંલાદેશ। તાઁર કથાય઼, “ 	આમિ બહુબાર બાંલાદેશે ગેછિ। બાંલાદેશેર માનુષેર ભાલબાસા આમાર જીબને અમૂલ્ય સમ્પદેર મત સઞ્ચિત હય઼ે આછે। [૩] 	”  બાંલાદેશે કણિકા યાન ૧૯૭૨, ૧૯૭૩, ૧૯૭૪, ૧૯૮૬ ઓ ૧૯૯૪ સાલે। ૧૯૭૨ સાલે બઙ્ગબન્ધુ શેખ મુજિબેર સઙ્ગે તાઁર સાક્ષાતે એકટિ ચિત્ર આઁકા આછે તાઁર આત્મકથાય઼, “ 	સેબાર દેખા હલ શેખ મુજિબુર રહમાનેર સઙ્ગે। તખન ઉનિ બાંલાદેશેર હૃદય઼ેર મણિ। દેશ સ્બાધીન હય઼ેછે। બઙ્ગભબને ઢુકતે સ્બાગત જાનાલેન સ્બય઼ં મુજિબુર રહમાન। આમાકે બલલેન, જાનેન આપનાર રેકર્ડ છિલ આલમારિ ભર્તિ। શય઼તાન ઇય઼ાહિય઼ાર દલ સબ ભેઙે તછનછ કરેછે। આપનાર ગાનેર આમિ ખુબ ભક્ત। આમાદેર સઙ્ગે છિલ આમાર ગાઓય઼ા દુટિ લં પ્લેય઼િં રેકર્ડ। ઉપહાર દિલામ ઓઁકે। રેકર્ડ દુટો માથાય઼ ઠેકિય઼ે બલલેન, આપનાર કણ્ઠેર ગાન બય઼ે એનેછેન આમાકે ઉપહાર દિતે। એર થેકે બડ઼ આર કી હતે પારે?  શુને આમિ લજ્જાય઼ સઙ્કુચિત હચ્છિલામ। આમાર સ્બામી સઙ્ગે નિય઼ે ગિય઼ેછિલેન તાઁર નિજેર હાતે તોલા ગુરુદેબેર એકખાનિ છબિ। સેઇ છબિ પેય઼ેઓ શેખ સાહેબ દારુણ ખુશિ। એકજનકે ડેકે બલે દિલેન, બઙ્ગભબને તાઁર બસાર જાય઼ગાર સામનેર દેઓય઼ાલે સેઇ છબિટિ ટાઙિય઼ે દિતે। [૪] 	”  પરબર્તીકાલે તાઁર પ્રિય઼ છાત્રી ઓ બિશિષ્ટ બાંલાદેશી રબીન્દ્રસઙ્ગીત શિલ્પી રેજઓય઼ાના ચૌધુરી બન્યાર તત્ત્બાબધાને તિનિ બાંલાદેશ સફર કરેન। ૧૯૯૪ સાલે બાંલાદેશ સરકાર કર્તૃક આમન્ત્રિત હય઼ે શેષબાર સેઇ દેશ ભ્રમણ કરેન કણિકા। કબિ સુફિય઼ા કામાલ તાઁર સમ્માને એકટિ કબિતા રચના કરેછિલેન સેબાર। સેઇ કબિતાર શેષ પંક્તિગુલિ શુને તાઁર મને હય઼ “દેશાન્તરે નય઼, યેન નિજેરઇ દેશે, નિજભૂમે, નિજેર માનુષદેર ભાલબાસાતેઇ પૂર્ણ હય઼ે ઉઠછિ આમિ” – “ 	  જય઼તુ અમૃત કન્યા। સુર કન્યા અય઼િ સુન્દર જીબન લભ સુર સુધામય઼ી આરઓ બ્યાપ્ત, બિથારિત હોક તબ સુર બેદના, બઞ્ચના હતે લભ શાન્તિ પ્રશાન્તિ મધુર।  [૫] 	” આપ્તજન  અપર એક પ્રબાદપ્રતિમ રબીન્દ્રસઙ્ગીત શિલ્પી સુચિત્રા મિત્ર છિલેન તાઁર કૈશોરેર બન્ધુ। દેબબ્રત બિશ્બાસ, દ્બિજેન મુખોપાધ્યાય઼, નીલિમા સેન પ્રમુખ શિલ્પીર સઙ્ગે સુસમ્પર્ક ગડ઼ે ઓઠે।સઙ્ગીત જગતેર પાશાપાશિ સાહિત્ય જગતેઓ તાઁર બન્ધુ ઓ ગુણમુગ્ધ છિલેન અનેકે। સૈય઼દ મુજતબા આલિ, અબધૂત, નરેન્દ્રનાથ મિત્ર, મહાશ્બેતા દેબી, સમરેશ બસુ, નિમાઇ ભટ્ટાચાર્ય, શક્તિ ચટ્ટોપાધ્યાય઼, સુનીલ ગઙ્ગોપાધ્યાય઼, બુદ્ધદેબ ગુહ પ્રમુખેર સઙ્ગેઓ છિલ તાઁર સ્નેહ ભાલબાસાર સમ્પર્ક। તાઁર નિજેર જેલાર માનુષ રામકિઙ્કર બેઇજ તાઁકે બિશેષ સ્નેહ કરતેન। તાઁર છાત્રછાત્રીદેર મધ્યે માય઼ા સેન, કમલા બસુ, અરબિન્દ બિશ્બાસ, ગોરા સર્બાધિકારી, બનાની ઘોષ, સોહિની મુખોપાધ્યાય઼, ઇન્દ્રાણી મુખોપાધ્યાય઼ એબં બાંલાદેશેર પાપિય઼ા સારોય઼ાર, રેજઓય઼ાના ચૌધુરી બન્યા, સાદિ મહમ્મદ પ્રમુખેર નામ ઉલ્લેખયોગ્ય।  બ્યક્તિજીબને કણિકા છિલેન અત્યન્ત લાજુક; સંકોચ છિલ તાઁર નિત્યસઙ્ગી। અપરિચિત સ્થાને ગાન ગાઇતે યેતે બેશ ભય઼ પેતેન તિનિ। શોના યાય઼, સત્યજિ રાય઼ તાઁર કાઞ્ચનજઙ્ઘા છબિર ગાને નેપથ્યશિલ્પી હિસાબે તાઁર નામ ભેબેછિલેન; કિન્તુ કલકાતાય઼ એને અપરિચિત પરિબેશે તાઁકે દિય઼ે રેકર્ડ કરાનોર ઝક્કિર કથા માથાય઼ રેખે સે પરિકલ્પના બાતિલ કરેન। યદિઓ સત્યજિ ઓ તાઁર સ્ત્રી બિજય઼ા રાય઼ ઉભય઼ેઇ છિલેન કણિકાર ગુણમુગ્ધ ઓ પરમ બન્ધુ । સત્યજિતેર શેષ છબિ આગન્તુક-એ બ્યબહૃત સાઁઓતાલ નૃત્યેર દૃશ્યટિ કણિકા બન્દ્યોપાધ્યાય઼ેર બ્યબસ્થાપનાય઼ તોલા હય઼। આબાર તાઁર કિછુ અદ્ભુત સ્બભાબેર કથાઓ જાના યાય઼ સ્બરચિત આત્મકથા થેકે। યેમન – કોનઓ અઞ્ચલ થેકે ગાન ગાઓય઼ાર ડાક પેલે સેઇ અઞ્ચલેર નામટિ તિનિ દેખતેન। નામ પછન્દ ના હલે આમન્ત્રણ ગ્રહણ કરતે', 'gu'),
(11, 'বল্লভভাঈ ঝবেরভাঈ পটেলনো জন্ম তেমনা মামানা ঘরে নডীআদ - গুজরাতমাং থযো হতো. তেমনী বাস্তবিক জন্ম তারীখ ক্যারেয নোংধাই ন হতী পণ তেমণে তেমনী মেট্রীকনী পরীক্ষানা পেপর বখতে ৩১ ওক্টোবরনে পোতানী জন্ম তারীখ তরীকে লেখাবী হতী. তেও হিংদু ধর্ম পালতা পিতা ঝবেরভাঈ অনে মাতা লাডবানা চোথা পুত্র হতাং. তেও খেডা জিল্লানা করমসদ গামমাং রহেতা কে জ্যাং তেমনা পিতা ঝবেরভাঈনী বাডী হতী. সোমাভাঈ, নরসিংহভাঈ তথা বিঠ্ঠলভাঈ (কে জেও পোতে পণ আগল জঈনে রাজনীতিজ্ঞ থযা) তেমনা মোটা ভাঈও হতা. তেমনে এক নানা ভাঈ - কাশীভাঈ তেমজ এক নানা বেন - দহীবা হতা. নানপণমাং বল্লভভাঈ তেমনা পিতানে খেতরমাং মদদ করাবতা তেমজ বে মহীনে একবার উপবাস করতা কে জেমাং তেও অন্ন-জলনুং গ্রহণ ন করতা. ১৮ বর্ষনী উংমরে তেমনা লগ্ন বাজুনা গামমাংজ রহেতা, ১২ কে ১৩ বর্ষনী উংমরনা ঝবেরবা সাথে থযা হতা. রিবাজনে আধীন, জ্যাং সুধী পতি কমাঈনে ঘর চলাববানী জবাবদারী উপাডী ন শকে ত্যাং সুধী তেনী পরীণীতা তেনা পিতানা ঘরে রহেতী.\r\n\r\nবল্লভভাঈনে নিশালনুং ভণতর পুরুং করবা নডীআদ, পেটলাদ তথা বোরসদ জবুং পড্যুং হতুং কে জ্যাং তেও বীজা ছোকরাও সাথে স্বনির্ভরতাথী রহ্যাং. তেমণে পোতানো প্রখ্যাত সংযমী স্বভাব কেলব্যো - এক লোকবাযকা প্রমাণে তেমণে পোতানে থযেলাং এক গুমডাংনে জরায সংকোচাযা বিনা ফোড্যুং হতুং কে জে করতা হজাম পণ থথর্যো হতো. বল্লভভাঈ মেট্রীকনী পরীক্ষামাং ২২ বর্ষনী মোটী উংমরে উত্তীর্ণ থযা অনে ত্যারে তেমনা বডীলো তেমনে মহত্বকাংক্ষী ব্যক্তি তরীকে নহোতা ওলখতা তথা এম মানতা কে তেও কোঈ সাধারণ নোকরী কে ধংধো করশে. পণ বল্লভভাঈনী পোতানী অলগ যোজনা হতী - তেমনে বকীলাতনুং ভণী, কাম করীনে পৈসা বচাবী, ঈংগ্লেন্ডমাং ভণী বরিস্টর বনবু হতুং.[৪] বল্লভভাঈ বর্ষো তেমনা কুটুংবথী বিখুটা রহীনে তথা বীজা বকীলো পাসেথী চোপডীও মাংগী, পোতানী রীতে ভণীনে বে বর্ষমাং পরীক্ষামাং উত্তীর্ণ থযাং. ঝবেরবানে তেমনা পিযরথী লঈ আবীনে তেমণে গোধরামাং পোতানা গৃহস্থ জীবননী শরুআত করী তথা ত্যাংনা বার (বকীল মংডল) মাং নাম নোংধাব্যুং. তেমনে পৈসা বচাববা মাটে জে ঘণাং বর্ষো লাগ্যা তেমাং তেমণে পোতানা মাটে এক তীব্র তথা কুশল বকীল তরীকেনী কারকীর্দী মেলবী. তেমনা পত্নী ঝবেরবাএ বে সংতানো - ১৯০৪মাং মণীবেন তথা ১৯০৬মাং ডাহ্যাভাঈনে জন্ম আপ্যো. গুজরাতমাং জ্যারে ব্যুবোনিক প্লেগনো আতংক ছবাযো হতো ত্যারে বল্লভভাঈএ তেমনা এক মিত্রনী সুশ্রুষা পণ করী হতী, পণ জ্যারে তেমনে পোতানে তে রোগ থযো ত্যারে তেমণে তরতজ পোতানা কুটুংবনে সুরক্ষিত স্থানে মোকলী দঈ পোতে ঘর ছোডীনে নডীআদ স্থিত খালী ঘরমাং জঈনে রহ্যা (বীজা বৃত্তান্ত প্রমাণে তেমণে আ সময জীর্ণ থঈ গযেলা মংদিরমাং ব্যতীত কর্যো হতো) কে জ্যাং তেও ধীরে রহীনে সাজা থযা.\r\n\r\nবল্লভভাঈএ গোধরা, বোরসদ তথা আণংদমাং বকীলাত করতী বখতে পোতানী করমসদ স্থিত বাডীনী নাণাংকীয জবাবদারী পণ উপাডী লীধী হতী. জ্যারে তেমণে ঈংগ্লেন্ড জঈনে ভণবা জেটলা পৈসা ভেগা করী লীধা ত্যারে তেমণে ত্যাং জবা মাটে পরবানো তেমজ টীকীট বুক করাবী কে জে তেমনা বী. জে. পটেল না সংক্ষীপ্ত নামে তেমনা মোটাভাঈ বিঠ্ঠলভাঈ পটেলনে ত্যাং আবী. বিঠ্ঠলভাঈনী পণ ঈংগ্লেন্ড জঈ ভণবানী যোজনা হতী অনে তেথী তেমণে তেমনা নানা ভাঈ বল্লভভাঈ নে ঠপকো আপতা কহ্যুং কে মোটো ভাঈ নানা ভাঈনী পাছল জায তে সারুং না লাগে অনে ত্যারে সমাজমাং কুটুংবনী আবরুনে ধ্যানমাং রাখী বল্লভভাঈএ তেমনা মোটা ভাঈনে তেমনী জগ্যাএ জবা দীধা. তেমণে তেমনা মোটা ভাঈনো ঈংগ্লেন্ড খাতেনো খর্চ উপাড্যো অনে তে উপরাংত পোতানা ধ্যেয মাটে পণ বচত করবা মাংডী. \r\n১৯০৯মাং বল্লভভাঈনা পত্নী ঝবেরবানে কেংসর মাটেনী শস্ত্রক্রিযা মাটে মুংবঈনা মোটা রুগ্ণালযমাং ভরতী করবামাং আব্যা. তেমনী তবীযত অচানক বণসী অনে তেমনী উপর করেলী তাত্কালীক শস্ত্রক্রিযা সফল হোবা ছতাং তেমনুং রুগ্ণালযমাংজ দেহাংত থযুং. বল্লভভাঈনে তেমনা পত্নীনা দেহাংতনা সমাচার আপতী চবরখী জ্যারে আপবামাং আবী ত্যারে তেও ন্যাযালযমাং এক সাক্ষীনী উলট-তপাস করী রহ্যা হতা. বীজাওনা বৃত্তান্ত প্রমাণে কে জেমণে তে ঘটনা নিহালী হতী, বল্লভভাঈএ তে চবরখী বাংচী তেমনা খীসামাং সরকাবী দীধী অনে সাক্ষীনী উত্কট তপাস চালু রাখী অনে তেও তে মুকদ্দমো জীতী গযা. তেমণে বীজাওনে তে সমাচার মুকদ্দমো পত্যা পছীজ আপ্যা হতা.বল্লভভাঈএ পুনঃলগ্ন নহীং করবানুং নক্কী কর্যুং হতুং. তেমণে তেমনা বালকোনো উছের কুটুংবনী মদদথী কর্যো তথা মুংবঈ স্থিত অংগ্রেজী মাধ্যমনী শালামাং ভণবা মুক্যা হতা. ৩৬ বর্ষনী উংমরে তেও ঈংগ্লেন্ড গযা তেমজ লংডননী মিডল টেম্পল ঈন্ন খাতে ভরতী থযা. মহাবিদ্যালযমাং ভণবানো জরায অনুভব ন হোবা ছতাং তেমণে ৩৬ মহীনানো অভ্যাসক্রম ৩০ মহীনামাং পতাবী বর্গমাং পহেলা স্থানে আব্যা. ভারত পাছা আবী তেও অমদাবাদমাং স্থাযী থযা তথা শহেরনা এক নামাংকিত বরিস্টর বন্যা. তেও যুরোপিয শৈলীনা কপডাং পহেরতাং তথা বিবেকী শিষ্টতা জালবতা অনে তেও ব্রিজ রমতনা মাহের খেলাডী পণ থযা. তেমণে এবী মহত্বকাংক্ষা কেলবেলী তে জেমাং তেমনে পোতানী বকীলাতথী খুব পৈসা ভেগা করী তেমনা বালকোনে আধুনিক শিক্ষণ আপবুং হতুং.  তেমনী পোতানা মোটা ভাঈ বিঠ্ঠলভাঈ সাথে এক সমজুতী হতী কে জেনা থকী তেমনা মোটা ভাঈ মুংবঈ প্রেসিডংসীমাং রাজকারণী তরীকে উতরে অনে তে সমযে বল্লভভাঈ ঘরনী জবাবদারীও পুর্ণ করে.', 'bn');
INSERT INTO `passage` (`id`, `content`, `test_id`) VALUES
(12, 'ই.স. ১০৯৪মাং ১৩ বর্ষনী নানী উংমরে পিতা কর্ণদেবনুং বিমারীনা লীধে মৃত্যু থবাথী, সিদ্ধরাজ গুজরাতনী গাদী পর আব্যো. মহমদ গঝনী না গুজরাত পরনা আক্রমণনে হজু ভূলাযুং ন হতু অনে গুজরাতনী ত্যারনা শক্তিশালী রাজ্য মালবা (অবংতী) সাথে দুশ্মনী প্রখ্যাত হতী. বলী গুজরাতমাং জ জূনাগঢনা রাজবী রা''নবঘণে কর্ণদেবনা মৃত্যু পছী গুজরাত সামে স্বতংত্রতা ঘোষিত করী হতী. আবা প্রতিকূল সমযমাং তেণে রাজ্য কারভার সংভাল্যো.\r\nসিদ্ধরাজ জযসিংহনো কার্যকাল গুজরাতনো সুবর্ণযুগ গণায ছে. তেনী ফেলানা রাজবীও মুলরাজ, ভীমদেব, কর্ণদেব বগেরে চক্রবতী ন থযা. পণ সিদ্ধরাজে তে পদ মেলব্যুং হতুং. তেনী আ সিধ্ধিমাং তেনাং মংত্রীও মুংজাল মহেতা, দাদক, মহাদেব, শাংতনু বগেরে এ খুব মোটো ভাগ ভজব্যো হতো. আ উপরাংত তেনা কাকানা দিকরা ত্রিভুবনপাল, সেনাপতী কেশব তেনাং রাজ্যসত্তানা অণনম স্তংভ হতাং. তেনাং উছেরমাং তেনী মাতা মীনলদেবীনো খুব মোটো ভাগ হতো.\r\nসিদ্ধরাজ প্রজাবত্সল রাজা হতো. তেনে গুজরাতনী প্রজানে বীর বিক্রমনী রাজ্যব্যবস্থানুং দর্শন করাব্যুং হতুং. মধরাতে বেশবদলী নগরছর্যা জোবা জবুং, নিষ্পক্ষ ন্যায আপবো জেবাং কৃত্যোএ তেনে দংতকথানুং পাত্র বনাবী দীধেল ছে.\r\nতেনী লশ্করী কারর্কির্দীনো প্রারংভ থযো বর্বরকনে হরাবীনে. দংতকথামাং বাবরাভূত তরীকে ওলখাতা উত্তর গুজরাত নজীকনা আদিবাসী রাজা বর্বরকনে হরাবী তেণ বর্বরকজষ্ণুনু বিরুদ হাংসল কর্যু. এটলু জ নহী, আ বর্বরক জযসিংহনা জমণাং হাথনী ফরজ সারীনে তেনে অনেক প্রসংগে মদদরূপ থযো হতো.আ উপরাংত লোকোনা মতে দৈত্য মনাতা বরবরকনে বশ করবা বদল লোকো জযসিংহ পাসে কোই দৈবী শক্তি হোবানুং মানবা লাগ্যা হতাং. আজে পণ রাজা জযসিংহ তেনা মূল নাম করতাং সিদ্ধরাজনা নামে জ বধু প্রখ্যাত ছে. সিদ্ধরাজ অনে বাবরানী জোডী ইতিহাসমাং প্রখ্যাত বিক্রম-বেতালনী জোডী সমান গণায ছে.\r\nজূনাগঢনা রা'' নবঘণনা অবসান বাদ গাদী পর আবেলা রা''খেংগারে পাটণ সামে বংড পোকার্যু. এটলু জ নহীং, জ্যারে সিদ্ধরাজ যাত্রা পর হতো ত্যারে পাটণনা কিল্লানো দরবাজো তোডী ভাগী জবানু দুসাহস কর্যুং. এনী সজারূপে সিদ্ধরাজে জূনাগঢ সামে যুধ্ধ জাহের কর্যু. জো কে জূনাগঢনো কিল্লো জীতবো মুশকেল হতো. পণ রা''না জ ভাণেজে গদ্দারী করতাং, সোলংকী সৈন্য কিল্লামাং দগাথী প্রবেশ্যু অনে জূনাগঢ সর কর্যুং. আ যুদ্ধমাং সিধ্ধরাজে রা''খেংগারনে জীবতো পকড্যো হতো. (আ বাবত পর এক দংতকথা বহু জ প্রচলীত ছে কে খেংগার সিদ্ধরাজনী প্রেমিকা রাণকদেবীনে উঠাবী নাসী গযো হতো অনে তেনু বের বালবা সিদ্ধরাজে জূনাগঢ ভাংদ্যু, তেমজ রা'' অনে তেনাং নানা নানা বে পুত্রোনো বধ কর্যো. এটলু জ নহীং খেংগারনী পত্নী বনী গযেলী পোতানী প্রেমিকা রাণকনে পোতানী সাথে লগ্ন করবা বলজবরী পণ করী. আখরে রাণক বঢবাণ পাসে সতী থই. জো কে আ মাত্র দংতকথা জ ছে. তেনে কোই ঐতিহাসিক প্রমাণ মল্যুং নথী. পণ সৌরাষ্ট্রমা তে বহু জ প্রচলীত ছে. তে কদাচ সিদ্ধরাজে সৌরাষ্ট্রনা রাজবীনে হরাব্যো তেথী সিদ্ধরাজনু চারিত্র্যখংডন করী হলকো চিতরবানো প্রযাস হোয.)\r\nআ উপরাংত সিদ্ধরাজে লাট (হালনুং দক্ষিণ গুজরাত) সাথে বিগ্রহ খেলী তে তরফনী কনডগতনো কাযম মাটে অংত আণ্যো হতো. সিদ্ধরাজে কোংকণনা রাজানে পণ যুদ্ধমাং হার আপী পোতানো সামংত বনাব্যো হতো. উত্তরমাং অর্বুদামংডল (আবু), নডূল বগেরেনে কাযম মাটে গুজরাতমাং ভেল্বী দীধা হতাং. উপরাংত শাকংভরী (সাংভার কে অজমের)না অর্ণোরাজনে পণ পোতানা তাবা হেঠল লাব্যো হতো. পোতানী পুত্রী কাংচনদেবীনা লগ্ন তেনী সাথে করাবী পোতানো জমাই বনাব্যো হতো. (আ কাংচনদেবী নো পুত্র তে সোমেশ্বর কে জেণে গুজরাতনী মদদথী রাজগাদী মেলবী হতী. অনে আ সোমেশ্বরনো পুত্র এটলে ভারতপ্রসিদ্ধ পৃথ্বীরাজ চৌহাণ. আম পৃথ্বীরাজ সিদ্ধরাজনো প্রপৌত্র থায.)\r\nসিদ্ধরাজনো ইতিহাস প্রসিদ্ধবিজয এটলে মালবাবিজয. বর্ষোথী পাটণনা বেরী মালবানে তেণে সজ্জড হার আপী হতী. এটলুং জ নহীং অবংতী(মালবানুং বীজুং নাম)না রাজা যশোবর্মানে কাষ্টনা পিংজরমাং বেসাডী সমগ্র পাটণশহেরমাং ফেরব্যো হতো. অনে তেনে পদভ্রষ্ট করী পোতানা বিষ্বাসু মহাদেব মংত্রীনে অবংতীনো দংডনাযক নিম্যো হতো. অহীংযা এ বাবত ধ্যানমাং লেবাং জেবী ছে কে পরাজীত রাজানে পোতানো সামংত বনাবী তেনে ফরী রাজ আপবানী পরংপরানো সিদ্ধরাজে অংত আণ্যো হতো. আম তেনো রাজ্য বিস্তার উত্তরমাং সাংভার সুধী, দক্ষিণমাং কোংকণ, পূর্বমাং অবংতী অনে পশ্চিমমাং সিংধ সুধী হতো. জো কে বুংদেলখংডনা রাজা সাথেনা যুধ্ধমাং তেনো পরাজয পণ থযো হতো. পণ তেন কোই অসর তেনাং রাজ্য পর পডী ন হতী.\r\n\r\nসিদ্ধরাজ এক প্রজাবত্সল রাজা হতো. লোকোনা দুঃখনে জাণবা মধ্যরাত্রীএ বেশপলটো করীনে নগরচর্যা করতাং হতাং. সিদ্ধপুরনা রুঢ্রমালনুং পণ তেণে জীর্ণোধ্ধার করাব্যো হতো. পাটণমাং সহর্ত্রলীংগ তলাব বংধাব্যুং. তেনা ন্যাযনী খ্যাতী দূরদূর সুধী হতী. পোতানী মাতানা এক শব্দে সোমনাথনী যাত্রা পরনা বেরানে দূর করী ৭২ লাখ জেটলী আবক জতী করী হতী.\r\nসিদ্ধরাজ সাহিত্যনো পণ শোখীন হতো. অনেক বিদ্বানোনে তেণে রাজ্যাশ্র্য আপ্যো হতো. অবংতীনে হরাবীনে তেনী বিদ্বতানে গুজারত তরফবালি ছে. তেনা সমযমাং থই গযেলা মুনি হেমচংদ্রাচার্যে সিদ্ধরাজনী জ প্রেরণাথী গুজরাতী ব্যাকরণনা নিযমোনী রচনা করী. তেমনা গ্রংথ ''সিদ্ধহেমশব্দানুশাশন''নে পোতানা রাজহস্তি পর মুকাবী সমগ্র শহেরমাং শোভাযাত্রা কাঢী হতী. রাজা অনে তেনা মংত্রীও পগপালা হতাং. সরস্বতীনী আবী পূজা কে জে গুজরাতে করী তে ভূতকালমাং কোইএ করী ন হতী কে ভবিষ্যমাং কোই করী শকশে.\r\nজো কে আটলী বধী সিদ্ধি হোবা ছতাং, সিদ্ধরাজ অপুত্র হতো. সংতানমাং এক পুত্রী জ হতী, কাংচনদেবী. আথী তেনা উত্তরাদিকারীনী চিংতা হমেশা তেনে সতাতবতী হতী. আ উপরাংত তেনে এক প্রপন্ন পুত্র নিলকদেব হোবানী পণ মান্যতা ছে. সিদ্ধরাজ অপুত্র অবস্থামাং জ মৃত্যু পাম্যো, ত্যারে পণ তেনা উত্তরাধিকারীনো প্রশ্ন উকেলাযো ন হতো. আথী তেনী পাদুকানে রাজসিংহাসন পরমুকী ১৩দিবস রাজ্য চলাববামাং আব্যুং. তেনা রাজ্যনা বারসদারোমাং তেনো প্রপন্নপুত্র তিলকরাজ, দোহিত্র সোমেশ্বর, ভত্রীজা মহিপাল, কুমারপাল বগেরে হতাং. আ সহুনে পাছল রাখী জৈনসমাজনা আগেবানোনী মদদ মেলবী কুমারপালে রাজ্যসত্ত গ্রহণ করী হতী.', 'bn'),
(13, 'কথকলীনী শরুআত প্রাচীন কালনী রামনট্টম অনে কৃষ্ণনট্টম নামনা পরংপারিক নৃত্য নাটিকামাংথী থঈ. আট্টমনো অর্থ ছে পাত্র ভজববুং. টূংকমাং, কথকলী এ বে প্রধান হিংদু দেব রাম অনে কৃষ্ণনা জীবননী কথানে নৃত্য নাটিকামাং প্রদর্শিত করতী কলা ছে.\n\nমোট্টাকারও এ কৃষ্ণাট্টমনো পূরক ছে, জেনা মূল কোলীকোডনা ঝামোরী রাজা সুধী জায ছে.\nকথকলী নৃত্য বিকাসনো প্রথম চরণ এবা রামনাট্টমনে বাদ করীএ, তো কথকলীনুং পারণুং এ বেট্টনাড কহী শকায.\nঅহীং বেট্টথু থম্পুরণ, মোট্টযাথু থম্পুরণ (আ কোট্টাযম জে মলবার মাং ছে.)অনে অন্য ঘণাং সমর্পিত কলাকারো জেবাকেচাথু পনীকর এ আজনা কহেবাতা কথকলীনো পাযো মূক্যো. তেমনা প্রযত্নো মোটেভাগে ক্রিযাকাংড,শাস্ত্রীয ঝীণবট অনে পুরাণীক লেখমা লখেল বিধিনা অচূক প্রদর্শন পর কেংদ্রীত হতাং. কোট্টাযথু থম্পুরণে চার মহান রচনাও করী জে ছে: কীর্মীরাবধম্, বকবধম্, নিবাথকবচ কলাকেযবধম্ অনে কল্যাণৌগংধীকম. আ পছী সৌথী কথকলীমাং মোটো বদলাব মাত্র এক ব্যক্তিনা প্রযত্নো দ্বারা আব্যোজেমনুং নাম হতুং কপালিংগদ নারাযণ নাম্বুদ্রী(১৭৩৯–১৭৮৯). তেও উত্তরীয কেরলনা হতাং, পণ বেট্টথু কলারীমাং বিবিধ কলামাং প্রাথমিক জ্ঞান মেলবী তেও ত্রাবণকোর চাল্যাং গযাং. রাজধানীমাং অনে অন্য অনেক কেংদ্রোমাং তেমনে এবা ঘণাং লোকো মলী আব্যাং কে জেও আ কলামাং পরিবর্তন ঈচ্ছতা হতাং.\nকথকলী অনে কৃষ্ণনট্টম, কুডীঅট্টম (কেরলমাং প্রচলিত শাস্ত্রীয সংস্কৃত নৃত্য কলা)অনে অষ্টাপদীআট্টম (১২মী সদীমাম্ প্রচলিত গীতগোবিংদ তরীকে ওলখাতী সংগীত নাটীকা) বচ্চে ঘণুং সাম্য ছে. আ সিবায কথকলী অন্য পারংপারিক অনে ধার্মিক কলাও জেমকে মুডীযেট্টু, থিযাট্টু, থেয্যম অনে পডযানী সহিত অন্য লোক নৃত্যো জেমকে পোরাট্টুনাআটকম নো পণ থোডো অংশ ধরাবে ছে. আ সাথে সংরক্ষণ কলা (মার্শল আর্ট) কলরীপয্যাট্টুনো পণ কথকলীনী শরীর ভংগীমা পর অসর পডী ছে. মলযালম মিক্ষশ্রিত সংস্কৃত অর্থাত মনীপ্রবলমমাং সাহিত্য লখেল হোবাথী সামান্য মলযালী জন আনে সমজী শকে ছে.\nকথকলী নর্তক কলরীপযাট্টুনা (এক যুদ্ধ রমত) অভ্যাস দ্বারা অত্যংত একাগ্রতা, কৌশল্য অনে শারিরীক ক্ষমতা কেলবে ছে জে কথকলীনা নৃত্য মাটে জরুরী ছে. আ কেলবণী ৮-১০ বর্ষ চালে ছে. কথকলীমাং বার্তানে হাথনী মুদ্রাও অনে চহেরানা ভাব দ্বারা সজীব করায ছে. চহেরানা ভাব নাট্যশাস্ত্র পরথী উতরী আব্যা ছে. আ সিবায নর্তক আংকহনী কীকীনা হলন চলননী খাস তালিম পণ লে ছে.\nমূল রীতে ২৪ মুদ্রাও ছে. জো বংনে হাথে সমান মুদ্রা করায তো তে সমান মুদ্রা কহে ছে. পণ বে হাথে বে জুদী মুদ্রা দর্শাবী নে মিশ্র মুদ্রা রচায ছে. আ বার্তা কহেবানী ঈশারানী ভাষা ছে.\nকথকলীনা ভাব মুখ্যত্বে নবরস পর আধারিত ছে. জে ছে শৃংগারম্, হাস্যম্, ভযানকম্, করুণম্, রৌদ্রম্,বীরম্,বীভস্তম্, অদভুতম্, শাংতম্,\n\nকথকলীনী সৌথী বধু রোচক বাত তেনো আকর্ষক শৃংগার (কে মেক অপ) শাস্ত্র. শৃংগারনে মোটে ভাগে পাংচ ভাগমাং বর্গীকৃত করী শকায ছে. পচ্চা, কাথী, করী, থাডী অনে মীনুক্কু. আ প্রকারনে এক বীজাথী জুদা পাডতী মুখ্য বস্তু ছে চহেরা পর লগাবাতা রংগো. পচ্চা (লীলো রংগ) আ রংগনো প্রযোগ উমদা নর চারিত্র জেমনা সাত্বিক অনে রাজসী গুণোনো মিশ্রণ হোয্ তেবা পাত্রোনে দর্শাববা মাটে থায ছে. তমো গুণ ধরাবতা রাজসী পাত্রো (দা.ত. রাবণ) না পাত্রোনে দর্শাববা লীলা রংগ সাথে চহেরা পর লাল রংগ না পট্টা দর্শাবায ছে. সংপূর্ণ রীতে তামসিক পাত্রো (দা.ত. দানবো)নো মেকপ লাল রংগনো হোযছে অনে তেমনী দাঢী পণ লাল হোয ছে. তেমনে চুবনা তাডী (লাল দাঢী ) কহে ছে. শিকারী কে কঠিযারা নী কক্ষানা অসংস্কৃঅত তামসিক পাত্রো প্রায: কালা রংগে দর্শাবায ছে তেমনে করী/করুথা তাডী (কালী দাঢী)কহে ছে. স্ত্রীও অনে সাধুওনা পাত্রোনে চলকতা পীলা বর্ণনা রংগায ছে. আ সিবায পাংচ মুখ্য প্রকারনা শংগার সিবায অন্য সুধারিত আবৃত্তি পণ হোয ছে জেমকে বেল্লা তাডী (সফেদ দাঢী) হনুমাননে দর্শাববা মাটে অনে পলপ্পু জেনে শংকর ভগবান অনে বলভদ্রনে দর্শাববা মাটে.', 'bn'),
(14, '১৯২৫মাং গুজরাতনা বারডোলীমাং পুর আব্যুং অনে ভূখমরো ফেলাযো. আনে পরিণামে খেতী পর অসর পডী অনে খেডূতোনে খূব আর্থিক মুশ্কেলী পডবা লাগী. মুংবঈ ইলাকামাং দর ৩০ বর্ষে খেডূতোনী আর্থিক স্থিতিনী তপাসকরী জমীনমহেসুলনী আকারণীমাং সুধারো করবানী রীত প্রচলিত হতী. বারডোলী তালুকামাং ছেল্লে ঈ.স. ১৮৯৬মাং আবী আকারণী করবামাং আবী হতী. ঈ.স. ১৯২৬মা বিন অনুভবী অমলদার দ্বারা খোটী আকারণী করী ২৩ গামোনে উপলা বর্গমাং মূকী জমীন মহেসুলমাং ৩০% নো বধারো ঝীংকী দীধো জে অন্যাযী হতো অনে আবা অন্যাযী বধারানো নরহরি পরীখনা অধ্যক্ষপদে নীমেলী সমিতিএ তেনে সচোট প্রমাণভূত রদিযো আপ্যো. সরকারে নাগরিক সংগঠনো দ্বারা মুকবামাং আবেলী কর রাহতনী অরজীওনে পণ নামংজূর করী দীধী. খেডূতনী স্থিতী অত্যংত দযনীয হতী. জ্যারে তেমনে পোতানে খাবানা সাংসা হতা ত্যাং কর ভরবা মাটে তেমনী পাসে পাক কে কোঈ অস্কাযত ক্যাংথী হোয?\n\nগুজরাতনা সামাজীক কার্যকরো জেবা কে নরহরী পরীখ, রবি শংকর ব্যাস অনে মোহনলাল পংড্যা এ গামডাওনা সরপংচো অনে খেডূতো সাথে চর্চা করী গুজরাতনা প্রমুখ স্বাতংত্র্য সেনানী সরদার বল্লভভাঈ পটেলনী মদদ লেবানুং নক্কী কর্যুং. আনী পূর্বে থযেলী খেডা জিল্লানী খেডূতোনী চলবলমাং সরদার পটলে মার্গদর্শন কর্যুং হতুং. তেও হালমাং জ অমদাবাদনী নগর পরিষদনা প্রমুখ পণ বন্যা হতাং. সমগ্র রাজ্যমাং সামান্য গুজরাতীও দ্বারা তেমনে খূব মাননী নজরে জোবাতা হতাং.\nবারডোলী সত্যাগ্রহ - সরদারশ্রী অনে গাংধীজী\n\nপটেল এ খেডূতোনে মুক্ত মনে খেডূতোনা শিষ্ট মংডলনে পূছ্যুং কে ক্রাংতি পরিণামো কেবা হোঈ শকে তেনী তেমনে জাণ ছে কে? জো সহভাগী গামডানা লোকোনী আ চলবল মাটে একমতে সহেমতী অনে ভাগীদারী হশে তোজ তেও তেমনুং নেতৃত্ব করশে. কর ন ভরবাথী তেমনী অস্কাযতো পর কব্জো থঈ শকে, তেমনী জমীন পণ ছীনবঈ শকে অনে তেমণে জেলমাং পণ জবুং পডে. তেও সংপূর্ণ বিনাশনে আরে পণ পহোংচী শকে ছে. তে বাত তেমণে লোকোনে বতাবী. গামডানা লোকোএ তেমনে জণাব্যুং কে কোঈ পণ সংজোগোনো সামনো করবা তেও তৈযার ছে পণ তেও স্রকারনো অন্যায সহন নহীং করে.\n\nত্যার বাদ বল্লভভাঈ পটেলে গাংধীজীনে আ মুদ্দো হাথ লেবা জণাবী. জে বাত সরদার পটেলে পূছী হতী তেজ বাত গাংধীজীএ তেমনে পূছী অনে সরদার পটেলে আত্মবিশ্বাস সাথে তেনো জবাপ আপতাং গাংধীজীএ আগল বধাবা আশীর্বাদ আপ্যাং. এক বাত পর সহেমতী রহী কে রাষ্ট্রীয মহাসভা কে গাংধীজী সীধী রীতে আ চলবলমাং শামিল থশে নহী অনে আ চলবলনো সংপূর্ণ মদার অনে দাযিত্ব বারডোলী তালুকানা লোকোনী রহেশে.\n\nসৌ প্রথম সরদার পটেলে মুংবঈনা গবর্নরনে আপেল প্রাকৃতিক বিপদাওনে কারণে করবেরামাং রাহত মাংগতো পত্র লখ্যো. পণ গবর্নরে তে পত্রনী অবগণনা করী অনে উলটা কর জমা করবানী তারীখনী ঘোষণা করী.\n\nবল্লভভাঈএ তা. ১২-০২-১৯২৮ থী সত্যাগ্রহনী আগেবানী লীধী. বল্লভভাঈএ বারডোলী জঈ মুখ্য কার্যকরোনী ছাবণী ঊভী করী অনে দরেকনা বিভাগপতি নীম্যা. মোহনলাল পংড্যা, রবিশংকর মহারাজ, সুমংত মহেতা, জুগতরাম দবে, ডো.চন্দুলাল দেসাঈ(ছোটে সরদার), বলবংতরায মহেতা, কল্যাণজী কুবরজী বিগেরে কার্যকরোএ লডতনা মোরচা সাংভল্যা. "সত্যাগ্রহ পত্রিকা" নিযমিত প্রগট করবানী জবাবদারী জুগতরাম কাকা, প্যারেলাল, চীমনলাল ভট্ট অনে মগনভাঈ দেসাঈএ সাংভলী. বল্লভভাঈনা জুস্সাদার অনে হিমংতভর্যা ভাষণোথী খেডূতোমাং শুরাতন প্রগট্যুং. জমীনো অনে মিলকতো জপ্ত থবা ছতাং খেডূতোএ খমীর জালব্যুং. দেশভরনা লোকোএ "বারডোলী দিন" উজবীনে খেডূতো প্রত্যে সহানুভুতি দর্শাবী.\n\nত্যার বাদ সরদার পটেলে বারডোলী তালুকানা সৌ খেডূতোনে কর ন ভরবানী সলাহ আপী. পরীখ, ব্যাস অনে পংড্যানী মদদ বডে তেমণে সমগ্র বারডোলীনে নানা ববিভাগমং বহংচী দীধো অনে দরেক ভাগমাং স্বযংসেবকো ফালব্যা. আ সাথে সরকারী অধিকারীওনী হাল চাল পর নজর রাখবা তেমণে সরকার থী নজীক হোয তেবা গুজরাতী কর্যকরো পণ গোঠব্যা.\n\nআ বধাথী উপর বল্লভভাঈএ সৌ খেডূতোনে অহিংসক রহেবা খাস চেতবণী আপী অনে সরকারী অধিকারী দ্বারা কোঈ পণ প্রকারজো দমন করতাং কোঈ পণ প্রতিঘাত ন করবা জণাব্যুং. তেমণে খেডূতোনে খাত্রী আপী কে মাত্র ক্র মাফী জ নহী পণ জ্যং সুধী খেডূতোনে তেমনী জপ্ত করেলী জমীন পাছী নহীং মলে ত্যাং সুধী আংদোলন চালু রহেশে.\n\nবারডোলীনা খেডূতোনে সমগ্র গুজরাতনা সাথীও তরফথী টেকো মল্যো. ঘণাং খেডূতোএ তেমনী মিল্কত আদি তেমনা সগা সংবংধীও পাসে সংতাডী দীধী হতী. রাজ্যনা অন্য লোকো তরফথী তেমনে আর্থিক মদদ অনে জীবন জরূরিযাতনী বস্তুও মলী হতী. পণ সরদার পটেলে গুজরাত অনে বহারনা অন্য লোকো দ্বারা সাংত্বন বিরোধ শরূ করবানী সাফ মনাঈ করী.\n\nসরকরে জাহেরাত করী কে তে আ চলবলনে দাবী দেশে. খেডূতোনী জম্নীন মিল্কত জপ্ত করবা অনে ডরাববা মাটে করবেরানা ঈন্সপেক্টর সাথে বাযব্য ভরতমাংথেএ পঠাণনী টোলীওনে মোকলবামাং আব্যাং. পঠাণো অনে কলেক্টরনা মাণসো লোকোনা ঘরোমাং বলজবরীথী ঘূসী জতাংঅ নে তেমনী বস্তুও অনে ঢোর পণ লঈ জতাং.\n\nসরকারে খেডূতোনী জমীন অনে ঘরোনী লীলামী শরূ করী, পণ গুজরাত কে ভারতমাংথী এক পণ মাণস তেমাং ভাগ লেবা আগল আব্যো নহীং. সরদার পটেলে স্থিতী পর নজর রাখবা দরেক গামমাং স্বযং সেবকো নীম্যা হতাং. জেবা কোঈ গামমাং অধিকারীও লীলামী মাটে আবতাং জোতা কে স্বযং সেবকো ব্যুগল বগাডতা. তে সাংভলী খেডূতো গাম ছোডীনে আসপাসনা জংগলমাং সংতাঈ জতাং. অধিকারীওনে সংপূর্ণ গাম খালী মলতুং. অনে কযুং ঘর কোনী মালিকীনুং ছে তেনী তেমনে ক্যারে পণ খবর পডতী নহীং.\n\nতেম ছতাং মুংবঈ না অমুক অমীর লোকো জমীন খরীদবা মাটে আব্যাং হতাং. অনে এক গামে কর বেরো ভর্যো হোবানুং পণ নোংধাযুং ছে. তে গাম সামে সংপূর্ণ সামাজিক বহিষ্কার শরূ করাযো অনে তেমনী সাথে লোকোএ সংবংধ তোডী নাখ্যাং.\n\nমুংবঈ অন্মে ভারতনী অন্য স্থলোনা বিধান মংডলো না সভ্যো খেডূতো পর করাযেল অত্যাচারনে কারণে ক্রোধে ভরাযা হতাং. ভারতীয সভ্যোএ তেমনা পদ পরথী রাজীনামা আপ্যাং অনে খেডূতোনে টেকো জাহের কর্যো. সরকারনী প্রখর নিংদা থঈ. ব্রিটিশ রাজনা কার্যালযোএ জ পোতে সরকরনো বিরোধ কর্যো.\n\nগাংধীজী "নবজীবন" মাং লেখো লখীনে দোরবণী আপতা, রবিশংকর মহারাজ, শিবানংদজী, অমৃতলাল বগেরেনে কেদনী সজা করবামাং আবী সরকারনা জুল্মোএ মাংঝামুকী ত্যারে পটেল-তলাটীওনা রাজীনামাং পাডবা লাগ্যা. লডত না খর্চনে পহোচী বলবা বল্লভভাঈএ ফালানী টহেল নাখতা নাণানো বরসাদ বরস্যো.', 'bn'),
(15, '﻿বডোদরা এ ভারত দেশনা পশ্চিম ভাগমাং আবেলা গুজরাত রাজ্যনা মধ্য ভাগমাং আবেলুং অনে বিশ্বামিত্রী নদীনে কিনারে বসেলুং নগর ছে. তেনুং জুনুং নাম বটপদ্র ছে. বডোদরানুং নাম সংস্কৃত ''বটস্য উদরে'' উপরথী উতরী আব্যুং হোবানুং পণ মানবামাং আবে ছে. বিশ্বামিত্রী নদীনে কিনারে ঘণা বড (সংস্কৃতঃ বট বৃক্ষ)নাং ঝাড হোবাথী, বড হেঠল বিকসেলুং শহের ''বটস্য উদরে'' কলক্রমে অপভ্রংশ থতা থতা বডোদরা থই গযুং ছে. অংগ্রেজীমাং লোকো ঘণীবার তেনে বরোডা কহীনে পণ বোলাবে ছে. আ নগর গাযকবাড বংশনা মরাঠা রাজ্যনুং পাটনগর হতুং. গুজরাতনা তমাম শহেরো পৈকী বডোদরামাং মরাঠীওনো সৌথী মোটো সমাজ জোবা মলে ছে.\nবডোদরা গুজরাত রাজ্যনুং মহত্বনুং ঔদ্যোগীক কেন্দ্র পণ ছে জেমাং পেট্রোকেমীকল্স, রাসাযণিক টেক্ষটাইল্স তথা ইজনেরী উদ্যোগোনো সমাবেশ থায ছে. গুজরাতনা মোটা শৈক্ষণিক কেন্দ্রোমাংনুং এক মহারাজা সযাজীরাব বিশ্ববিদ্যালয বডোদরামাং আবেলুং ছে. মহারাজা সযাজীরাব বিশ্ববিদ্যালযনী ফাঈন আর্টস কলেজ তথা ইজনেরী কলজ (জে কলাভবননা নামে পণ ওলখায ছে) বিশ্ববিখ্যাত ছে.\nবডোদরা শহের প্রাচীন অস্মিতা তথা অঘ্যতন প্রগতিশীলতানো সমন্বয ছে. গাযকবাডনা সমযনাং মহেলো, মংদিরো তথা স্মারকো অনে অধ্যতন শোপিংগ কোম্প্লেক্সো তথা মল্টীপ্লেক্ষ সিনেমাঘরো তেনো পুরাবো ছে. আজে পণ বডোদরানে ভারতনী ''সংস্কার নগরী'' তরীকে পণ ওলখবামাং আবে ছে.\nবডোদরানো প্রথম ঐতিহাসিক উল্লেখ ৮১২মাং বটপদ্র নামে থযেলো ছে. আংকোটকা (আজনুং অকোটা) নামনা শহেরনী সমীপনুং আ বটপদ্র গামনুং মহত্ব দসমী সদীমাং বঘ্যুং.\nই. স. ১৭২১মাং পীলাজী গাযকবাড মুঘল সাম্রাজ্য সামেথী বডোদরা উপর কবজো মেলবী বডোদরানে মরাঠী শাসন হেঠল লাব্যা. মরাঠী পেশ্বাএ গাযকবাডনে বডোদরা উপর বহীবট করবানো হক্ক আপ্যো. ই. স. ১৭৬১মাং, মরাঠা সাম্রাজ্যনা পেশ্বানো অফধানো সামে পাণীপতনাং যুধ্ধমাং পরাজয পছী বডোদরা নুং শাসন গাযকবাডো না হস্তক আব্যুং. ই. স. ১৮০২মাং ব্রিটিশরো সাথে সংধি পছী বডোদরা, ব্রীটীশ সাম্রাজ্য হেঠল স্বতংত্র গাযকবাডী শাসন হস্তক রহ্যুং.\nবডোদরানা রাজকীয তথা সাংস্কৃতিক বিকাসনো শ্রেয গাযকবাডী রাজ্যনা সুপ্রসিঘ্ঘ শাসক মহারাজা সযাজীরাব গাযকবাড ত্রীজানে ফালে জায ছে. সযাজীরাব গাযকবাডে, ই. স. ১৮৭৫মাং গাদী সংভালী. তেমণে বডোদরানো শৈক্ষণিক বিকাস - ফরজীযাত প্রাথমিক শিক্ষণ, অধ্যতন পুস্তকালয, উচ্চ শিক্ষণ মাটে যুনিবর্সিটীনী স্থাপনা দ্বারা কর্যো.. তেমণে টেক্ষটাইল তথা অন্য উদ্যোগোনো বিকাস পণ কর্যো. ভারতনাং স্বাতংত্র্য পছী তে সমযনা বডোদরানা মহারাজাএ ভারত গণরাজ্যমাং সামেল থবানো নির্ণয কর্যো অনে বডোদরা স্বতংত্র ভারতনাং মুংবই রাজ্য হেঠল আব্যুং. ই. স. ১৯৬০মাং গুজরাত রাজ্যনী স্থাপনা বাদ বডোদরা গুজরাতনো ভাগ বন্যুং.\nবডোদরা শহেরনুং গুজরাত রাজ্যমাং ঘণু মহত্বনুং স্থান ছে. ১৯৬০না দশকানী শরূআত সুধী, বডোদরা শহেরনী সাংস্কৃতিক অনে শৈক্ষণিক কেন্দ্র তরীকে গণনা থতী হতী. সৌপ্রথম আধুনিক ফেক্টরী(এলম্বীক ফার্মাস্যূটিকল্স)নী স্থাপনা বডোদরামাং ১৯০৭মাং করবামাং আবী হতী অনে ত্যার বাদ সারাভাঈ কেমিকল্স, অনে জ্যোতি জেবী কংপনীও ১৯৪০ মাং আবী হতী. ১৯৬২ সুধীমাং অহিযাং ২৮৮ রোজগারী ফেক্টরীও ধমধমতী হতী, জেমাং ২৭,৫১৭ কামদারো কাম করতা হতা. আ সমযগালা দরমিযান, মুখ্য ঔদ্যোগিক জূথোমাং রসাযণো অনে ফার্মাস্যুটিকল্স, সুতরাউ কাপড অনে মশীন টূল্স হতা. ১৯০৮ মাং সযাজীরাও ত্রীজা দ্বারা স্থাপিত বেন্ক ওফ ধ বরোডানো পণ আ ঔদ্যোগিক বৃদ্ধি মাং মহত্বনো ফালো হতো.\n১৯৬২ মাং, গুজরাত রিফাঈনরী অনে ভারতীয ওইল কোর্পোরেশন লিমিটেডনা বডোদরা নজীকনা কোযলী গাম খাতে স্থাপনা সাথে বডোদরা মাং ঔদ্যোগিক প্রবৃত্তি মাং অচানক তেজী জোবা মলী. কাচো মাল নী উপলব্ধতা, প্রোডক্ট মাগ, সরকার অনে খানগী সাহসিকো দ্বারা মানব, নাণাকীয অনে সংসাধনো না কুশল সুযোজন জেবা পরিবলো এ বডোদরানে ভারতনা অগ্রণী ঔদ্যোগিক কেন্দ্রো মাং এক বনাববামাং ফালো আপ্যো ছে.\nঅংকলেশ্বর মাং তেল গেসনী শোধএ গুজরাতনা ঔদ্যোগিক বিকাস মাটে মোটো ভাগ ভজব্যো হতো.বডোদরা প্রদেশ আ ঔদ্যোগিকরণ প্রক্রিযামাং সৌথী মোটুং লাভার্থী রহ্যু হতু. গুজরাত রিফাঈনরীনু প্রথম তবক্কা উত্পাদন ১৯৬৫ মাং শরূ থযু হতু. রিফাঈনরীনা মূলভূত উদ্যোগ হোবাথী, রিফাঈনরীনু প্রাদেশিক অনে রাষ্ট্রীয স্তরে ঘণা মোরচা পর মহত্বপূর্ণ যোগদান রহ্যু হতু.\nবডোদরা মাং গুজরাত স্টেট ফর্টিলাইঝর এন্ড কেমিকল্স (জী.এস.এফ.সী), ঈন্ডিযন পেট্রোকেমিকল্স লিমিটেড (আই.পী.সী.এল., হবে রিলাযন্স ঈন্ডস্ট্রীঝ লিমিটেড মালিকীনী ), গুজরাত আল্কলীস এন্ড কেমিকল্স লিমিটেড (জী.এ.সী.এল) জেবা বিবিধ মোটা পাযে উদ্যোগো গুজরাত রিফাঈনরীনী সান্নিধ্য মাং আবেল ছে জে তেমনা তমাম বলতণ অনে কাচা মালনা মাটে রিফাঈনরী পর আধার রাখে ছে. অন্য মোটা পাযানা জাহের ক্ষেত্রনা একমোমাং হেবী বোটর প্রোজেক্ট, গুজরাত ঈন্ডস্ট্রীঝ পাবর কংপনী লিমিটেড (জী.আই.পী.সী.এল), ওঈল এন্ড নেচরল গেস কমিশন (ও.এন.জী.সী) অনে গেস ওথোরিটী ফ ঈন্ডিযা লিমিটেড (জী.এ.আই.এল) নো সমাবেশ থায ছে. আ জাহের ক্ষেত্রনা সাহসো উপরাত , অন্য মোটা পাযেনা সাহসো খানগী ক্ষেত্রমাং আবেল ছে জেম কে, বোম্বার্ডীযর ট্রান্সপোর্টেশন, [১৪] এক কেনেডীযন কংপনী জেনী সাবলী সাইট মাং দিল্হী মেট্রোনু উত্পাদন থায ছে. জনরল মোটর্স, ALSTOM, এবীবী,সিমেন্স্, ফিলিপ্স, পেনাসোনিক, ফগ(FAG), স্টর্লীংগ বাযোটেক, সন ফার্মাস্যূটিকল্স অনে Areva টী এন্ড ডী, বোম্বার্ডীযর, অনে GAGL (গুজরাত ওটোমোটিব গীযর্স লিমিটেড) জেবা ঘণা উত্পাদন একমো বডোদরা মাং স্থাপিত ছে. বধুমাং বডোদরানী আসপাসমাং ঘণী গ্লাস উত্পাদন কংপনীও পণ স্থাপিত ছে, জেম কে, Haldyn গ্লাস, HNG ফ্লোট গ্লাস লিমিটেড, পিরামল গ্লাস অনে গুজরাত গ্লাস, বগেরে.\nকোই প্রদেশমাং বিশাল ঔদ্যোগিক একমো নী স্থাপনা আপমেলে ঘণা নানা সাহসো অস্তিত্বমাং লঈ আবে ছে.বডোদরা শহের ছে অনে আসপাসনা বিস্তারোমাং পণ আ প্রমাণে ঔদ্যোগিক প্রবৃত্তিও আজে ধমধমে ছে. বডোদরানা ঔদ্যোগিকরণ থী মাত্র বডোদরা নহী পণ আখা গুজরাত অনে ভারতনা অন্য উদ্যোগিও আকর্ষাযা ছে.\n''নোলেজ সিটী'' , কোন্ফেডরেশন ফ ঈন্ডিযন ইংড্স্ট্রীনা নজরাণা সাথে, বডোদরা ধীমে ধীমে আইটী অনে অন্য বিকাস প্রোজেক্ট মাটে গুজরাতমা হব বনী রহ্যু ছে.', 'bn'),
(17, 'gujarati content 2', 'gu');

-- --------------------------------------------------------

--
-- Table structure for table `question`
--

CREATE TABLE IF NOT EXISTS `question` (
  `q_no` int(40) NOT NULL,
  `q_english` varchar(1000) NOT NULL,
  `q_name` varchar(1000) CHARACTER SET utf8 NOT NULL,
  `option_1` varchar(500) CHARACTER SET utf8 NOT NULL,
  `english_option_1` varchar(500) NOT NULL,
  `option_2` varchar(500) CHARACTER SET utf8 NOT NULL,
  `english_option_2` varchar(500) NOT NULL,
  `option_3` varchar(500) CHARACTER SET utf8 NOT NULL,
  `english_option_3` varchar(500) NOT NULL,
  `option_4` varchar(500) CHARACTER SET utf8 NOT NULL,
  `english_option_4` varchar(500) NOT NULL,
  `passage_id` int(11) NOT NULL,
  `answer_correct` int(11) NOT NULL DEFAULT '1',
  PRIMARY KEY (`q_no`),
  KEY `passage_id` (`passage_id`)
) ENGINE=InnoDB DEFAULT CHARSET=latin1;

--
-- Dumping data for table `question`
--

INSERT INTO `question` (`q_no`, `q_english`, `q_name`, `option_1`, `english_option_1`, `option_2`, `english_option_2`, `option_3`, `english_option_3`, `option_4`, `english_option_4`, `passage_id`, `answer_correct`) VALUES
(0, 'What did family members of Vallabhbhai Patel believe about his career?', '', '', 'He will become a lawyer\r\n\r\n ', '', 'He will become a great leader of the nation ', '', 'He will become an ordinary business man', '', 'None of the above', 11, 3),
(1, 'Which side of Hooghly river is Kolkata situated?', 'કોલકાતા શહર હુગલી નદીની કઈ બાજુ સ્થિત છે ?', 'પૂર્વ', '    East', 'પશ્ચિમ', 'West', 'ઉત્તર', 'North', 'દક્ષિણ', 'South', 6, 1),
(2, 'In terms of population,what is the rank of Kolakata internationally ?', 'આબાદી ક્ષેત્રે વિશ્વસ્તરે કોલકાતા કયા નંબર પર આવે છે ?', '૧', '1', '૨', '2', '૩', '3', '૮', '8', 6, 4),
(3, 'What is the average minimum temperature in Kolkata?', 'કોલકાતામાં સરેરાશ લઘુત્તમ તાપમાન કેટલું હોય છે? ', '૨૬.૮', '26.8', '૧૯ ', '19', '૩૦', '30', '૩.૫', '3.5', 6, 1),
(4, 'What is Kalvaishakhi?', 'કાલવૈશાખી એટલે શું?', 'ઉનાળાની શરૂઆતમાં થતું વાવાઞોડું', 'Cold wind storm in the beginning of summer', 'ઉનાળાની અંતે થતું વાવાઞોડું', 'Cold wind storm at the ending of summer', 'ઉનાળાની શરૂઆત માં થતું ધુમ્મસ', 'Fog in the beginning of summer', 'ઉનાળાની અંતે થતો વરસાદ', 'The rains at the ending of summer', 6, 1),
(5, 'Manavendra Mukhopadhyay is famous for:', 'માનવેન્દ્ર મુખોપાધ્યાય શાના માટે જાણીતા હતા?', 'રવીન્દ્રસંગીત', 'Ravindrasangit', 'નાઝરુલગીતી', 'Nazrulgiti', 'બેન્ડ મ્યુઝિક', 'Band Music', 'બ્રહ્મો સંગીત', 'Brahmo Sangit', 6, 2),
(6, 'What religious philosophy is encoded in Charyapad?', 'ચર્યાપદમાં  કયું ધાર્મિક તત્વજ્ઞાન છે? ', 'હિંદુ', 'Hinduism', 'બૌદ્ધ', 'Buddhism', 'મુસ્લીમ', 'Muslim', 'ખ્રિસ્તી', 'Christian', 7, 2),
(7, 'Who discovered Charyapad?', 'ચર્યાપદ કોણે શોધ્યું?', 'હરપ્રસાદ શાસ્ત્રી', 'Haraprasad Shastri', 'સુનીતીકુમાર ચટ્ટોપાધ્યાય', 'Sunitikumar Chattopadhyay', 'હલેન લુઇપાદ', 'Halen Luipada', 'મુહમ્મદ શહીદુલ્લાહ', 'Muhammad Sahidullah', 7, 1),
(8, 'How many verses are there in Charyapad?', 'ચર્યાપદમાં કેટલી કલમો છે?', '૧૦૦', '100', '૧૫૦૦', '1500', '૧૦૦૦', '1000', '૫૦૦', '500', 7, 1),
(9, 'When was Charyapad written or is being debated to written?', 'ચર્યાપદના લેખ ને લઈને કઈ કઈ સાલ નો હોવાનો વાદવિવાદ દર્શાવ્યો છે ?', 'ઈ.સ. ૫૦૦ થી  ઈ.સ. ૮૦૦', '500 AD to 800 AD', 'ઈ.સ. ૧૦૦૦ થી ઈ.સ. ૧૮૦૦', '1000 AD to 1800 AD', 'ઈ.સ. ૮૦૦ થી  ઈ.સ. ૧૮૦૦', '500 AD to 1800 AD', 'ઈ.સ. ૮૦૦ થી ઈ.સ. ૧૦૦૦', '800 AD to 1000 AD', 7, 4),
(10, 'Why is Charyapad called the Sandhya Bhasha?', 'ચર્યાપદની ભાષા ને કેમ સંધ્યાભાષા કહેવાય છે?', 'કારણ કે તેના લેખ સંધ્યા કાલ માં લખાયેલા છે.', 'Because those articles were written in evening', 'કારણ કે તે બહુ પ્રાચીન સમય માં લખાયેલી છે.', 'Because it was written in the ancient times', 'કારણ કે એમાં લખાયેલા લેખની ભાષા સમજવી અઘરી છે.', 'Because it is difficult to understand its content', 'કારણ કે તેમાં થી બહુ બધી વર્તમાન સમયની ભાષા ઉત્પન થાય છે એવું માનવા માં આવે છે', 'Because many current languages have originated from it', 7, 3),
(11, 'What policy was adopted by Lord Curzon for the Northwest border provinces?', 'ઉત્તરી પશ્ચિમ સીમા પર આવેલા પ્રાંતો માટે કર્ઝનની શું નીતિ હતી?', 'તેમને બ્રીટીશ રાજમાં સામેલ કરવાની નીતિ', 'To include those provinces under the British rule.', 'તેમને સેના ની સહાયતા આપીને પરોક્ષ રીતે તેમની જમીન પર નિયંત્રણ મેળવવાની નીતિ', 'The policy to give them military support and indirectly control their land', 'બ્રીટીશ વેપારના પ્રોત્સાહન માટે', 'To promote British business', 'આમાં થી એકે નહિ ', 'None of the above', 8, 2),
(12, 'What was the main administrative contribution by Lord Curzon?', 'વહીવટમાં કર્ઝનનું મુખ્ય યોગદાન શું હતું?', 'એમને બહુ જ જટિલ અમલદારશાહીની સ્થાપના કરી', 'He established a complex bureaucracy', 'આઈ.એ.એસ. અધિકારીઓ જોડે થી કામની પ્રગતિ ની માહિતી લેવી', 'used to interact with IAS officers about progress of work in department', 'એમને જમીનદારી કાયદા ની સ્થાપના કરી ', 'He established the Zamindari system', 'આમાં થી એકે નહિ ', 'None of the above', 8, 2),
(13, 'What is the contribution of Curzon in area of farming?', 'કર્ઝનનું કૃષિક્ષેત્ર માં સહુ થી મોટું યોગદાન શું હતું?', '﻿તેમને દુકાળ વખતે કર ઘટાડી દીધો ', 'He reduced the taxes during famine', 'તેમને સરકાર માં એક કૃષિ ભાગ સ્થાપિત કર્યો અને એક સંશોધન સંસ્થા સ્થાપિત કરી ', 'He started an agricultural division and established agricultural research institute', 'તેમને ખેડૂતો ને નવી જમીન આપી ', 'He gave new lands to the farmers', 'આમાં થી એકે નહિ ', 'None of the above', 8, 2),
(14, 'Where is the Agricultural research institute established by Lord Curzon located?', ' કર્ઝને કૃષિ ક્ષેત્રે સંશોધન સંસ્થાન ની સ્થાપના ક્યાં કરી હતી?', 'કોલકાતા', 'Kolkata', 'ગુજરાત', 'Gujarat', 'બિહાર', 'Bihar', 'ઓરિસ્સા', 'Odisha', 8, 1),
(15, 'After the Curzon era what was the length of Indian railway lines in kms?', 'કર્ઝન ના કાર્યકાળ પછી ભારતીય રેલ્વે લાઈનની લંબાઈ કેટલી (કી. મી.માં) ?', ' ૨૭૦૦૦', '27000', ' ૬૦૦૦', '6000', '૨૧૦૦૦', '21000', '૩૩૦૦૦', '33000', 8, 4),
(16, 'Which political party dominated in 1971''s Bangladesh election?', 'કઈ રાજનૈતિક પાર્ટીને ૧૯૭૧ની ચૂંટણીમાં બહુમત મળ્યું હતું?', 'આવામી લીગ', 'Avami League', 'મુસ્લીમ લીગ', 'Muslim League', 'રાષ્ટ્રીય સેવક સંઘ', 'Rashtriya Sevak Sangh', 'આમાં થી એકે નહિ ', 'None of the above', 9, 1),
(17, 'When did the war end?', 'યુદ્ધ ક્યારે પત્યું?', '૧૩ ડીસેમ્બર ૧૯૭૧', '13 December, 1971', '૨૨ ડીસેમ્બર ૧૯૭૧', '22 December 1971', '૩ ડીસેમ્બર ૧૯૭૧', '3 December, 1971', 'આમાં થી એકે નહિ ', 'None of the above', 9, 4),
(18, 'When and where did the Pakistan''s army accept its defeat?', 'પાકિસ્તાનની સેનાએ  ક્યારે અને ક્યાં હાર માની?', '૨૨ ડીસેમ્બર, ધાકા', '22 December at Dhaka', '૧૬ ડીસેમ્બર, ઇસ્લામાબાદ', '16 December at Islamabad', '૧૬ ડીસેમ્બર,ધાકા', '16 December at Dhaka', '૨૨ ડીસેમ્બર, ઇસ્લામાબાદ', '22 December at Islamabad', 9, 3),
(19, 'What was broadcasted at 5 o''clock on 3rd December 1971?', 'પાકિસ્તાની રેડિયો ઉપર ૫ વાગે ૩જી ડીસેમ્બેર,૧૯૭૧ ના રોજ શું પ્રસારીત થયું?', 'ભારતે પશ્ચિમી પાકિસ્તાનની સરહદે હુમલો કર્યો', 'India attacked borders of West Pakistan', 'પશ્ચિમી પાકિસ્તાનની સેના એ પૂર્વ પાકિસ્તાનની સરહદ પાર કરી ', 'Western Pakistani army crossed eastern borders of Pakistan', 'પશ્ચિમી પાકિસ્તાને ભારતની સરહદે હુમલો કર્યો ', 'West Pakistani army attacked on Indian borders', 'ભારતીય સેનાએ પૂર્વ પાકિસ્તાનની સરહદ પાર કરી', 'Indian army crossed borders of East Pakistan. ', 9, 1),
(20, 'Why did Pakistan declare war against India in 1971?', 'ભારતીય સેનાએ પૂર્વ પાકિસ્તાનની સરહદ પાર કરી', 'ભારતે પૂર્વી પાકિસ્તાન પર હુમલો સાધ્યો', 'India attacked on East Pakistan', 'મુક્તીયોદ્ધા ના આંતરિક હુમલાના કારણે પાકિસ્તાનની સેના ની દશા તુચ્છ થઇ ગયી ', 'Due to internal attacks of Muktiyoddhas by Guerilla methods, the condition of Pakistan Army became miserable', 'ભારતે પશ્ચિમી પાકિસ્તાનની સરહદે હુમલો કર્યો', 'India attacked on borders of West Pakistan', 'આમાં થી એકે નહિ ', 'None of the above', 9, 2),
(21, 'What is Kanika''s speciality in Rabindra Sangit?', 'કનિકા ની રબીન્દ્રસંગીતની અંદર શેમાં ખાસિયત હતી?', 'અતુલપ્રસાદના ગીતો માં ', 'Songs by Atulprasad', 'બંગાળી કીર્તન ', 'Bangali kirtan', 'તાપ્પા', 'Tappa', 'દ્વીજેન્દ્રલાલ દ્વારા લખાયેલા ગીતો ', 'Songs by Dvijendralal ', 10, 3),
(22, 'What other genres of music apart from Rabindra Sangit did Kanika sing?', 'રબીન્દ્રસંગીત સિવાય કનિકા કયા પ્રકાર ના ગીતો ગાતી હતી?', 'બંગાળીકીર્તન', 'Bangalikirtan', 'અતુલ પ્રસાદ ના ગીતો  ', 'Songs by AtulPrasad', ' દ્વિજેન્દ્રલાલના ગીતો', 'Songs by Dvijendralal', 'રજનીકાંત સેનના ગીતો', 'Songs by Rajnikant Sen', 10, 2),
(23, 'Where did Kanika spend her childhood days?', 'કનીકાએ બાળપણના દિવસો ક્યાં વિતાવ્યા છે?', 'વિષ્ણુપૂર અને શાંતિનિકેતન', 'Vishnupur and Shantiniketan', 'સોનામુખી અને શાંતિનિકેતન', 'Sonamukhi and Shantiniketan', 'વિષ્ણુપુર અને સોનામુખી', 'Vishnupur and Sonamukhi', 'શાંતિનિકેતન', 'Shantiniketan', 10, 3),
(24, 'What nickname was given to Kanika by Rabindranath?', 'કનિકાને રબીન્દ્રનાથે કયું ઉપનામ આપ્યું હતું?', 'કનુ', 'Kanu', 'કલી', 'Kali', 'મોહર', 'Mohar', 'આમાં થી એકે નહિ ', 'None of the above', 10, 1),
(25, 'What did Kanika sing in her first radio show?', 'કનિકા એ રેડિયો પર ના તેના પહેલા શોમાં શું ગાયું હતું?', 'ઓબા તુમી પંચદશી', 'Oba tumi Panchdasi ', 'ભારતીથક સ્મૃતિ સોધાય', 'Bhartithak Smruti shodhay', 'છાયા ઘણા ઈચ્છે બોને બોને', 'Chaya ghani icha bona bona', 'આમાં થી એકે નહિ ', 'None of the above', 10, 1),
(26, 'Where was Vallabhbhai Patel born?', '', 'Petlad', '', 'Karamsad', '', 'Nadiad', '', 'Godhra', '', 11, 3),
(27, 'What was the name of Vallabhbhai Patel''s sister?', '', 'Dahiba', '', 'Kasturba', '', 'Zaverba', '', 'Maniben', '', 11, 1),
(28, 'Whom did Vallabhbhai Patel send to England instead of him considering the factor of dignity or reputation of the family?', '', 'Zaverbhai', '', 'Vitthalbhai', '', 'Somabhai', '', 'Narsinhbhai', '', 11, 2),
(29, 'From which event from Vallabhbhai''s life can you predict about his attitude of restraint(sanyam)?', '', 'he helped his brother for going to England', '', 'he self treated his wound', '', 'his struggle for becoming a good lawyer', '', 'from his style of western dressing\r\n', '', 11, 2),
(30, 'What did family members of Vallabhbhai Patel believe about his career?\r\n\r\n \r\n ', '', 'He will become a lawyer', '', 'He will become a great leader of the nation', '', 'He will become an ordinary business man', '', 'None of the above', '', 11, 1),
(31, 'What was the name of Siddhraj''s father?', '', 'Bhimdev\r\n', '', 'Karnadev', '', 'Mohammed Gazni', '', 'Munjal Mehta', '', 12, 2),
(32, 'According to a story, Who kidnapped Siddhraj''s love Ranakdevi?', '', '\r\nMohammed Gazni\r\n\r\n\r\n', '', 'Barbarak', '', 'Ra Navghan', '', 'Ra Khengar', '', 12, 4),
(33, 'Which is of these victories is considered to be the most famous victory of Siddhraj in the history?', '', 'Conquest of Barabarak\r\n\r\n', '', 'Conquest of Junagadh', '', 'Conquest of Malva or Madva', '', 'Conquest of Konkan', '', 12, 3),
(34, 'Who was heir to the throne of Siddhraj?', '', 'Tilakraj', '', 'Someshwar', '', 'Mahipal', '', 'Kumarpal', '', 12, 4),
(35, 'After which event people started believing that he had some supernatural powers?', '', 'defeating Ra Khengar\r\n\r\n\r\n', '', 'defeating King Barbarak', '', 'conquering Malva', '', 'defeating Ra Navghan', '', 12, 2),
(36, 'What does aatam mean?\n', '\r\n\r\n\r\n\r\n', 'To write ', '', 'To play a role of some person', '', 'To dance', '', 'To wear attractive attire', '', 13, 2),
(37, 'Who invented the art forms:Kirmiravadham, Bakvadham, Nivathkavach Kalakeyvadham, Kalyanogandhikam?\r\n\r\n\r\n\r\n', '', 'Kottayathu Thampuran', '', 'Mottayathu Thampuran', '', 'Vettathu Thampuran', '', 'Chathu Panikar', '', 13, 1),
(38, 'Which of these following is not included in Navras?\r\n', '', 'Bhayankam\r\n', '', 'Bibhatsam\r\n', '', 'Bakvadham\r\n', '', 'Adbhutam', '', 13, 3),
(39, 'In Kathakali, to represent the role of women and sages, which is the colour used?', '', 'Green', '\r\n', 'Red', '\r\n\r\n', 'Black', '\r\n', 'Yellow', '', 13, 4),
(40, 'In kathakali to represent the role of devils which color is used?', '', 'Green', '\r\n', 'Red', '\r\n', 'Black', '', 'Yellow', '', 13, 2),
(41, 'In which region, land revenue was collected after survey or inquiry of economic conditions of farmers?\n', '', 'Mumbai\r\n', '', 'Ahmedabad\r\n', '', 'Bardoli\r\n', '', 'Surat', '', 14, 1),
(42, 'What did Sardar Patel demand in the first letter he wrote to Mumbai''s Governor concerning the natural disaster?\n', '', 'To deposit the tax\r\n', '', 'For relaxing the tax\r\n\r\n', '', 'They are going to start Satyagrah\r\ndemand to provide food to farmers', '', 'None of the Above', '', 14, 2),
(43, 'Who among these was not associated with regular publication of Satyagrah Patrika?\r\n', '', 'Jugatram Kaka\r\n', '', 'Chimanlal Bhatt', '', 'Mohanlal Pandya', '', 'Maganbhai Desai', '', 14, 3),
(44, 'Why did farmers of Bardoli in 1925 faced a great economic difficulty?\r\n', '', 'Because of floods and hunger\r\n ', '', 'Because of poverty and hunger\r\n', '', 'Because of floods and earthquake\r\n', '', 'Because of plague', '', 14, 1),
(45, 'How was the village who violated the Satyagrah punished?\r\n', '', 'It was being burnt by the revolutionaries.\r\n', '', 'People of other villages started taking the land from the people in the punished village.\r\n', '', 'People of other villages cut off from that village socially. \r\n \r\n', '', 'Sardar Patel asked other revolutionaries not to support the village.', '', 14, 3),
(46, 'Vadodara is situated at banks of which river?', '', 'Tapi', '', 'Sabarmati', '', 'Vishwamitri', '', 'Narmada', '', 15, 3),
(47, 'What is the old name of Vadodara?', '', 'Baroda', '', 'Vatpadra', '', 'Karnavati', '', 'Gayakwad', '', 15, 2),
(48, 'There was great industrial development in which city as the oil was found ?', '', 'Vadodara', '', 'Mumbai', '', 'Akota', '', 'Ankleshwar', '', 15, 4),
(49, 'What was the name of the first modern factory established in Vadodara', '', 'Alembic Pharmaceuticals', '', 'ONGC', '', 'IOCL', '', 'Areva', '', 15, 1),
(50, 'In 1908, what was established by Sayajirao III which has helped in industrial growth?', '', 'IOCL', '', 'Bank of Baroda', '', 'Alembic Pharmaceuticals', '', 'Maharaja Sayajirao', '', 15, 1);

-- --------------------------------------------------------

--
-- Table structure for table `record_answer`
--

CREATE TABLE IF NOT EXISTS `record_answer` (
  `email_id` varchar(100) NOT NULL,
  `q_no` int(40) NOT NULL,
  `answer` int(11) NOT NULL,
  `time_elapsed` int(11) NOT NULL DEFAULT '0',
  PRIMARY KEY (`email_id`,`q_no`),
  KEY `email_id` (`email_id`,`q_no`),
  KEY `q_no` (`q_no`),
  KEY `q_no_2` (`q_no`),
  KEY `q_no_3` (`q_no`),
  KEY `q_no_4` (`q_no`),
  KEY `email_id_2` (`email_id`),
  KEY `q_no_5` (`q_no`)
) ENGINE=InnoDB DEFAULT CHARSET=latin1;

--
-- Dumping data for table `record_answer`
--

INSERT INTO `record_answer` (`email_id`, `q_no`, `answer`, `time_elapsed`) VALUES
('201101108@daiict.ac.in', 1, 2, 56),
('201101108@daiict.ac.in', 2, 4, 7),
('201101108@daiict.ac.in', 3, 2, 4),
('201101108@daiict.ac.in', 4, 3, 4),
('201101108@daiict.ac.in', 5, 4, 11),
('201101108@daiict.ac.in', 6, 2, 9),
('201101108@daiict.ac.in', 7, 3, 7),
('201101108@daiict.ac.in', 8, 3, 5),
('201101108@daiict.ac.in', 9, 2, 4),
('201101108@daiict.ac.in', 10, 2, 3),
('201101108@daiict.ac.in', 11, 3, 4),
('201101108@daiict.ac.in', 12, 1, 4),
('201101108@daiict.ac.in', 13, 3, 6),
('201101108@daiict.ac.in', 14, 1, 8),
('201101108@daiict.ac.in', 15, 1, 6),
('201101108@daiict.ac.in', 16, 1, 13),
('201101108@daiict.ac.in', 17, 2, 5),
('201101108@daiict.ac.in', 18, 3, 10),
('201101108@daiict.ac.in', 19, 2, 9),
('201101108@daiict.ac.in', 20, 2, 16),
('201101108@daiict.ac.in', 21, 2, 7),
('201101108@daiict.ac.in', 22, 1, 5),
('201101108@daiict.ac.in', 23, 4, 9),
('201101108@daiict.ac.in', 24, 3, 7),
('201101108@daiict.ac.in', 25, 2, 5),
('201311002@daiict.ac.in', 1, 1, 2),
('201311002@daiict.ac.in', 2, 4, 2),
('201311002@daiict.ac.in', 3, 1, 4),
('201311002@daiict.ac.in', 4, 1, 2),
('201311002@daiict.ac.in', 5, 2, 2),
('201311002@daiict.ac.in', 6, 4, 4),
('201311002@daiict.ac.in', 7, 1, 2),
('201311002@daiict.ac.in', 8, 1, 2),
('201311002@daiict.ac.in', 9, 2, 2),
('201311002@daiict.ac.in', 10, 4, 2),
('201311002@daiict.ac.in', 11, 0, 2),
('201311002@daiict.ac.in', 12, 0, 2),
('201311002@daiict.ac.in', 13, 0, 2),
('201311002@daiict.ac.in', 14, 0, 2),
('201311002@daiict.ac.in', 15, 0, 2),
('201311002@daiict.ac.in', 16, 4, 2),
('201311002@daiict.ac.in', 17, 0, 2),
('201311002@daiict.ac.in', 18, 3, 2),
('201311002@daiict.ac.in', 19, 1, 2),
('201311002@daiict.ac.in', 20, 0, 2),
('201311002@daiict.ac.in', 21, 3, 2),
('201311002@daiict.ac.in', 22, 2, 2),
('201311002@daiict.ac.in', 23, 0, 2),
('201311002@daiict.ac.in', 24, 0, 2),
('201311002@daiict.ac.in', 25, 0, 2),
('201311036@daiict.ac.in', 1, 1, 47),
('201311036@daiict.ac.in', 2, 4, 42),
('201311036@daiict.ac.in', 3, 1, 103),
('201311036@daiict.ac.in', 4, 2, 115),
('201311036@daiict.ac.in', 5, 2, 218),
('201311036@daiict.ac.in', 6, 2, 37),
('201311036@daiict.ac.in', 7, 1, 104),
('201311036@daiict.ac.in', 8, 3, 121),
('201311036@daiict.ac.in', 9, 2, 231),
('201311036@daiict.ac.in', 10, 4, 130),
('201311036@daiict.ac.in', 11, 2, 208),
('201311036@daiict.ac.in', 12, 2, 88),
('201311036@daiict.ac.in', 13, 2, 190),
('201311036@daiict.ac.in', 14, 3, 30),
('201311036@daiict.ac.in', 15, 4, 59),
('201311036@daiict.ac.in', 16, 4, 86),
('201311036@daiict.ac.in', 17, 2, 41),
('201311036@daiict.ac.in', 18, 3, 78),
('201311036@daiict.ac.in', 19, 1, 71),
('201311036@daiict.ac.in', 20, 2, 20),
('201311036@daiict.ac.in', 21, 3, 41),
('201311036@daiict.ac.in', 22, 2, 164),
('201311036@daiict.ac.in', 23, 1, 93),
('201311036@daiict.ac.in', 24, 3, 38),
('201311036@daiict.ac.in', 25, 4, 135),
('abhis@abhis.com', 26, 3, 8),
('abhis@abhis.com', 27, 2, 3),
('abhis@abhis.com', 28, 2, 2),
('abhis@abhis.com', 29, 4, 7),
('abhis@abhis.com', 30, 3, 3),
('abhis@abhis.com', 31, 2, 5),
('abhis@abhis.com', 32, 3, 3),
('abhis@abhis.com', 33, 3, 1),
('abhis@abhis.com', 34, 4, 2),
('abhis@abhis.com', 35, 2, 3),
('abhis@abhis.com', 36, 1, 5),
('abhis@abhis.com', 37, 3, 2),
('abhis@abhis.com', 38, 3, 2),
('abhis@abhis.com', 39, 4, 3),
('abhis@abhis.com', 40, 1, 3),
('abhis@abhis.com', 41, 1, 3),
('abhis@abhis.com', 42, 3, 2),
('abhis@abhis.com', 43, 3, 2),
('abhis@abhis.com', 44, 2, 2),
('abhis@abhis.com', 45, 2, 1),
('abhis@abhis.com', 46, 3, 4),
('abhis@abhis.com', 47, 2, 2),
('abhis@abhis.com', 48, 1, 3),
('abhis@abhis.com', 49, 3, 2),
('abhis@abhis.com', 50, 3, 1),
('abhishekshah', 1, 1, 14),
('abhishekshah', 2, 2, 12),
('abhishekshah', 3, 3, 2),
('abhishekshah', 4, 1, 4),
('abhishekshah', 5, 2, 3),
('abhishekshah', 6, 2, 5),
('abhishekshah', 7, 1, 3),
('abhishekshah', 8, 1, 2),
('abhishekshah', 9, 4, 4),
('abhishekshah', 10, 3, 3),
('abhishekshah', 11, 2, 3),
('abhishekshah', 12, 2, 3),
('abhishekshah', 13, 2, 6),
('abhishekshah', 14, 1, 6),
('abhishekshah', 15, 4, 4),
('chhayarachit178@gmail.com', 1, 1, 10),
('chhayarachit178@gmail.com', 26, 1, 2),
('chhayarachit178@gmail.com', 27, 3, 2),
('chhayarachit178@gmail.com', 28, 2, 2),
('chhayarachit178@gmail.com', 29, 1, 2),
('chhayarachit178@gmail.com', 30, 3, 2),
('chhayarachit178@gmail.com', 31, 2, 2),
('chhayarachit178@gmail.com', 32, 4, 2),
('chhayarachit178@gmail.com', 33, 3, 2),
('chhayarachit178@gmail.com', 34, 4, 2),
('chhayarachit178@gmail.com', 35, 2, 2),
('chhayarachit178@gmail.com', 36, 1, 2),
('chhayarachit178@gmail.com', 37, 3, 2),
('chhayarachit178@gmail.com', 38, 2, 2),
('chhayarachit178@gmail.com', 39, 1, 2),
('chhayarachit178@gmail.com', 40, 4, 2),
('chhayarachit178@gmail.com', 41, 3, 2),
('chhayarachit178@gmail.com', 42, 2, 2),
('chhayarachit178@gmail.com', 43, 3, 2),
('chhayarachit178@gmail.com', 44, 3, 2),
('chhayarachit178@gmail.com', 45, 0, 2),
('chhayarachit178@gmail.com', 46, 3, 2),
('chhayarachit178@gmail.com', 47, 2, 2),
('chhayarachit178@gmail.com', 48, 4, 2),
('chhayarachit178@gmail.com', 49, 2, 2),
('chhayarachit178@gmail.com', 50, 3, 2),
('dfghjk@dfghj.com', 1, 1, 3),
('dhruvkumarr.patel51@gmail.com', 1, 1, 44),
('dhruvkumarr.patel51@gmail.com', 2, 4, 37),
('dhruvkumarr.patel51@gmail.com', 3, 1, 46),
('dhruvkumarr.patel51@gmail.com', 4, 1, 85),
('dhruvkumarr.patel51@gmail.com', 5, 2, 45),
('dhruvkumarr.patel51@gmail.com', 6, 2, 41),
('dhruvkumarr.patel51@gmail.com', 7, 1, 722),
('dhruvkumarr.patel51@gmail.com', 8, 1, 62),
('dhruvkumarr.patel51@gmail.com', 9, 4, 137),
('dhruvkumarr.patel51@gmail.com', 10, 3, 456),
('dsafjfj', 26, 3, 4),
('dsafjfj', 27, 3, 2),
('dsafjfj', 28, 2, 2),
('dsafjfj', 29, 1, 2),
('dsafjfj', 30, 3, 7),
('dsafjfj', 31, 0, 2),
('dsafjfj', 32, 0, 2),
('ewing1@da.com', 1, 4, 2),
('ewing1@da.com', 2, 2, 2),
('ewing2@da.com', 1, 2, 2),
('ewing2@da.com', 2, 2, 2),
('ewing2@da.com', 3, 1, 2),
('ewing2@da.com', 4, 4, 2),
('ewing2@da.com', 5, 1, 2),
('ewing2@da.com', 6, 3, 2),
('ewing2@da.com', 7, 4, 2),
('ewing2@da.com', 8, 2, 2),
('ewing2@da.com', 9, 1, 2),
('ewing2@da.com', 10, 2, 2),
('ewing2@da.com', 11, 1, 2),
('ewing2@da.com', 12, 2, 2),
('ewing2@da.com', 13, 2, 2),
('ewing2@da.com', 14, 3, 2),
('ewing2@da.com', 15, 3, 2),
('ewing2@da.com', 16, 2, 2),
('ewing2@da.com', 17, 3, 2),
('ewing2@da.com', 18, 1, 2),
('ewing2@da.com', 19, 1, 2),
('ewing2@da.com', 20, 2, 2),
('ewing2@da.com', 21, 1, 2),
('ewing2@da.com', 22, 2, 2),
('ewing2@da.com', 23, 1, 2),
('ewing2@da.com', 24, 2, 2),
('ewing2@da.com', 25, 3, 2),
('ewing@da.com', 1, 2, 2),
('ewing@da.com', 2, 1, 2),
('fefek@fkf.dk', 26, 0, 4),
('fefek@fkf.dk', 27, 0, 4),
('fefek@fkf.dk', 28, 0, 2),
('fefek@fkf.dk', 29, 0, 2),
('fefek@fkf.dk', 30, 0, 2),
('fefek@fkf.dk', 31, 0, 2),
('fefek@fkf.dk', 32, 0, 2),
('fefek@fkf.dk', 33, 0, 2),
('fefek@fkf.dk', 34, 0, 2),
('fefek@fkf.dk', 35, 0, 2),
('fefek@fkf.dk', 36, 0, 2),
('fefek@fkf.dk', 37, 0, 2),
('fefek@fkf.dk', 38, 0, 2),
('fefek@fkf.dk', 39, 0, 2),
('fefek@fkf.dk', 40, 0, 2),
('fefek@fkf.dk', 41, 0, 2),
('fefek@fkf.dk', 42, 0, 2),
('fefek@fkf.dk', 43, 0, 2),
('fefek@fkf.dk', 44, 0, 2),
('fefek@fkf.dk', 45, 0, 2),
('fefek@fkf.dk', 46, 0, 2),
('fefek@fkf.dk', 47, 0, 2),
('fefek@fkf.dk', 48, 0, 2),
('fefek@fkf.dk', 49, 0, 2),
('fefek@fkf.dk', 50, 0, 2),
('final@check.com', 1, 4, 12),
('final@check.com', 2, 2, 4),
('final@check.com', 3, 3, 5),
('final@check.com', 4, 1, 9),
('harsh1@gmail.com', 1, 1, 11),
('hello', 1, 2, 6),
('hello', 2, 3, 3),
('hostel@da.com', 1, 3, 13),
('hostel@da.com', 2, 3, 3),
('hostel@da.com', 3, 3, 2),
('hostel@da.com', 4, 1, 9),
('irlab1@da.com', 1, 3, 7),
('irlab1@da.com', 2, 2, 5),
('irlab1@da.com', 3, 4, 10),
('irlab3@da.com', 1, 1, 7),
('irlab3@da.com', 2, 1, 5),
('irlab3@da.com', 3, 3, 6),
('irlab4@da.com', 1, 1, 23),
('irlab4@da.com', 2, 3, 18),
('irlab4@da.com', 3, 2, 25),
('irlab4@da.com', 4, 1, 22),
('irlab@da.com', 1, 4, 2),
('irlab@da.com', 2, 3, 2),
('irlab@da.com', 3, 4, 2),
('lab1@da.com', 1, 0, 4),
('lab1@da.com', 2, 4, 4),
('lab3@da.com', 1, 2, 2),
('lab3@da.com', 2, 2, 2),
('lab3@da.com', 3, 3, 2),
('lab44@da.com', 1, 1, 10),
('lab44@da.com', 2, 4, 5),
('lab4@da.com', 1, 1, 18),
('lab4@da.com', 2, 4, 12),
('lab@da.com', 1, 0, 48),
('lab@da.com', 2, 1, 36),
('lab@da.com', 3, 2, 24),
('lab@da.com', 26, 1, 4),
('madafterknowledge@gmail.com', 1, 1, 2),
('merathchhaya2020@gmail.com', 1, 1, 34),
('merathchhaya2020@gmail.com', 2, 4, 238),
('merathchhaya2020@gmail.com', 3, 1, 85),
('merathchhaya2020@gmail.com', 4, 1, 199),
('merathchhaya2020@gmail.com', 5, 2, 161),
('merathchhaya2020@gmail.com', 6, 2, 197),
('merathchhaya2020@gmail.com', 7, 1, 123),
('merathchhaya2020@gmail.com', 8, 1, 122),
('merathchhaya2020@gmail.com', 9, 3, 426),
('merathchhaya2020@gmail.com', 10, 4, 347),
('merathchhaya2020@gmail.com', 11, 3, 479),
('merathchhaya2020@gmail.com', 12, 2, 307),
('merathchhaya2020@gmail.com', 13, 2, 194),
('merathchhaya2020@gmail.com', 14, 3, 316),
('merathchhaya2020@gmail.com', 15, 4, 162),
('merathchhaya2020@gmail.com', 16, 2, 259),
('merathchhaya2020@gmail.com', 17, 2, 238),
('merathchhaya2020@gmail.com', 18, 3, 133),
('merathchhaya2020@gmail.com', 19, 1, 129),
('merathchhaya2020@gmail.com', 20, 2, 81),
('merathchhaya2020@gmail.com', 21, 3, 138),
('merathchhaya2020@gmail.com', 22, 2, 75),
('merathchhaya2020@gmail.com', 23, 2, 113),
('merathchhaya2020@gmail.com', 24, 4, 167),
('merathchhaya2020@gmail.com', 25, 3, 124),
('mozilla@da.com', 1, 1, 12),
('mozilla@da.com', 2, 2, 8),
('mozilla@da.com', 3, 4, 3),
('parth@daiict.ac.in', 1, 1, 19),
('parth@daiict.ac.in', 2, 3, 13),
('parth@daiict.ac.in', 3, 1, 81),
('parth@daiict.ac.in', 4, 1, 173),
('parth@daiict.ac.in', 5, 2, 52),
('parth@daiict.ac.in', 6, 2, 35),
('parth@daiict.ac.in', 7, 2, 236),
('parth@daiict.ac.in', 8, 1, 191),
('parth@daiict.ac.in', 9, 3, 115),
('parth@daiict.ac.in', 10, 3, 34),
('prasenjit.majumder@gmail.com', 26, 3, 82),
('prasenjit.majumder@gmail.com', 27, 1, 34),
('prasenjit.majumder@gmail.com', 28, 2, 339),
('prasenjit.majumder@gmail.com', 29, 1, 608),
('prasenjit.majumder@gmail.com', 30, 1, 586),
('shalin@da.com', 1, 2, 50),
('shalin@da.com', 2, 3, 31),
('shalinshah1993@gmail.com', 1, 2, 156),
('shalinshah1993@gmail.com', 2, 3, 36),
('shalinshah1993@gmail.com', 3, 1, 122),
('shalinshah1993@gmail.com', 4, 3, 241),
('shalinshah1993@gmail.com', 5, 2, 195),
('shalinshah1993@gmail.com', 6, 2, 121),
('shalinshah1993@gmail.com', 7, 2, 56),
('shalinshah1993@gmail.com', 8, 2, 254),
('shalinshah1993@gmail.com', 9, 3, 72),
('shalinshah1993@gmail.com', 10, 2, 150),
('shalinshah1993@gmail.com', 11, 1, 125),
('shalinshah1993@gmail.com', 12, 3, 186),
('shalinshah1993@gmail.com', 13, 2, 67),
('shalinshah1993@gmail.com', 14, 1, 51),
('shalinshah1993@gmail.com', 15, 1, 18),
('shalinshah1993@gmail.com', 16, 4, 116),
('shalinshah1993@gmail.com', 17, 3, 130),
('shalinshah1993@gmail.com', 18, 3, 174),
('shalinshah1993@gmail.com', 19, 1, 97),
('shalinshah1993@gmail.com', 20, 3, 22),
('shalinshah1993@gmail.com', 21, 1, 101),
('shalinshah1993@gmail.com', 22, 2, 39),
('shalinshah1993@gmail.com', 23, 4, 89),
('shalinshah1993@gmail.com', 24, 4, 23),
('shalinshah1993@gmail.com', 25, 3, 93),
('shivang93@gmail.com', 1, 1, 172),
('shivang93@gmail.com', 2, 4, 30),
('shivang93@gmail.com', 3, 1, 269),
('shivang93@gmail.com', 4, 1, 377),
('shivang93@gmail.com', 5, 2, 167),
('shivang93@gmail.com', 6, 2, 71),
('shivang93@gmail.com', 7, 1, 336),
('shivang93@gmail.com', 8, 1, 57),
('shivang93@gmail.com', 9, 3, 130),
('shivang93@gmail.com', 10, 1, 231),
('shivang93@gmail.com', 11, 2, 362),
('shivang93@gmail.com', 12, 3, 352),
('shivang93@gmail.com', 13, 2, 396),
('shivang93@gmail.com', 14, 1, 32),
('shivang93@gmail.com', 15, 1, 39),
('shivang93@gmail.com', 16, 1, 257),
('shivang93@gmail.com', 17, 2, 208),
('shivang93@gmail.com', 18, 3, 153),
('shivang93@gmail.com', 19, 1, 136),
('shivang93@gmail.com', 20, 1, 73),
('shivang93@gmail.com', 21, 3, 99),
('shivang93@gmail.com', 22, 2, 29),
('shivang93@gmail.com', 23, 4, 203),
('shivang93@gmail.com', 24, 3, 20),
('shivang93@gmail.com', 25, 4, 240),
('shivang@bhatt.com', 26, 1, 2),
('smitsanghavi22@gmail.com', 1, 1, 128),
('smitsanghavi22@gmail.com', 2, 4, 38),
('smitsanghavi22@gmail.com', 3, 1, 72),
('smitsanghavi22@gmail.com', 4, 2, 145),
('smitsanghavi22@gmail.com', 5, 2, 132),
('smitsanghavi22@gmail.com', 6, 2, 162),
('smitsanghavi22@gmail.com', 7, 1, 110),
('smitsanghavi22@gmail.com', 8, 1, 79),
('smitsanghavi22@gmail.com', 9, 3, 119),
('smitsanghavi22@gmail.com', 10, 3, 154),
('smitsanghavi22@gmail.com', 11, 2, 174),
('smitsanghavi22@gmail.com', 12, 4, 209),
('smitsanghavi22@gmail.com', 13, 2, 67),
('smitsanghavi22@gmail.com', 14, 3, 25),
('smitsanghavi22@gmail.com', 15, 4, 103),
('smitsanghavi22@gmail.com', 16, 4, 219),
('smitsanghavi22@gmail.com', 17, 2, 137),
('smitsanghavi22@gmail.com', 18, 3, 89),
('smitsanghavi22@gmail.com', 19, 1, 150),
('smitsanghavi22@gmail.com', 20, 3, 33),
('smitsanghavi22@gmail.com', 21, 0, 2),
('smitsanghavi22@gmail.com', 22, 0, 2),
('smitsanghavi22@gmail.com', 23, 0, 2),
('smitsanghavi22@gmail.com', 24, 0, 2),
('smitsanghavi22@gmail.com', 25, 0, 2),
('test@apr1.com', 1, 2, 10),
('test@apr1.com', 2, 1, 5),
('test@apr10.com', 1, 1, 24),
('test@apr10.com', 2, 2, 10),
('test@apr10.com', 3, 2, 16),
('test@apr10.com', 4, 3, 7),
('test@apr10.com', 5, 0, 2),
('test@apr2.com', 1, 1, 8),
('test@apr2.com', 2, 2, 6),
('test@apr2.com', 3, 4, 5),
('test@apr2.com', 4, 3, 3),
('test@apr4.com', 1, 2, 8),
('test@apr4.com', 2, 3, 11),
('test@apr4.com', 3, 4, 8),
('test@apr4.com', 4, 0, 4),
('test@apr4.com', 5, 0, 2),
('test@dcei.com', 1, 1, 3),
('test@dcei.com', 2, 2, 2),
('test@dcei.com', 3, 3, 2),
('test@dcei.com', 4, 4, 1),
('test@dcei.com', 5, 2, 5),
('uinh@hfu.kuhy', 1, 0, 4),
('uinh@hfu.kuhy', 2, 0, 2),
('uinh@hfu.kuhy', 3, 0, 2),
('uinh@hfu.kuhy', 4, 0, 2),
('uinh@hfu.kuhy', 5, 0, 2),
('uinh@hfu.kuhy', 6, 0, 2),
('uinh@hfu.kuhy', 7, 0, 2),
('uinh@hfu.kuhy', 8, 0, 2),
('uinh@hfu.kuhy', 9, 0, 2),
('uinh@hfu.kuhy', 10, 0, 2),
('uinh@hfu.kuhy', 11, 0, 2),
('uinh@hfu.kuhy', 12, 0, 2),
('uinh@hfu.kuhy', 13, 0, 2),
('uinh@hfu.kuhy', 14, 0, 2),
('uinh@hfu.kuhy', 15, 0, 2),
('uinh@hfu.kuhy', 16, 0, 4),
('uinh@hfu.kuhy', 17, 0, 2),
('uinh@hfu.kuhy', 18, 0, 2),
('uinh@hfu.kuhy', 19, 0, 2),
('uinh@hfu.kuhy', 20, 0, 2),
('uinh@hfu.kuhy', 21, 0, 2),
('uinh@hfu.kuhy', 22, 0, 2),
('uinh@hfu.kuhy', 23, 0, 2),
('uinh@hfu.kuhy', 24, 0, 2),
('yogarshi@gmail.com', 1, 1, 24),
('yogarshi@gmail.com', 2, 3, 34),
('yogarshi@gmail.com', 3, 1, 5575),
('yogarshi@gmail.com', 4, 1, 162),
('yogarshi@gmail.com', 5, 2, 86),
('yogarshi@gmail.com', 6, 2, 35),
('yogarshi@gmail.com', 7, 1, 64),
('yogarshi@gmail.com', 8, 1, 85),
('yogarshi@gmail.com', 9, 4, 51),
('yogarshi@gmail.com', 10, 1, 244),
('yogarshi@gmail.com', 11, 3, 175),
('yogarshi@gmail.com', 12, 1, 16),
('yogarshi@gmail.com', 13, 3, 113),
('yogarshi@gmail.com', 14, 3, 45),
('yogarshi@gmail.com', 15, 1, 34),
('yogarshi@gmail.com', 16, 1, 81),
('yogarshi@gmail.com', 17, 2, 24),
('yogarshi@gmail.com', 18, 3, 63),
('yogarshi@gmail.com', 19, 1, 55),
('yogarshi@gmail.com', 20, 3, 105),
('yogarshi@gmail.com', 21, 3, 43),
('yogarshi@gmail.com', 22, 2, 16),
('yogarshi@gmail.com', 23, 1, 89),
('yogarshi@gmail.com', 24, 3, 44),
('yogarshi@gmail.com', 25, 3, 148);

-- --------------------------------------------------------

--
-- Table structure for table `src_lang`
--

CREATE TABLE IF NOT EXISTS `src_lang` (
  `lang_id` varchar(2) NOT NULL,
  PRIMARY KEY (`lang_id`)
) ENGINE=InnoDB DEFAULT CHARSET=latin1;

-- --------------------------------------------------------

--
-- Table structure for table `test`
--

CREATE TABLE IF NOT EXISTS `test` (
  `test_no` varchar(2) NOT NULL,
  `test_name` varchar(11) NOT NULL,
  PRIMARY KEY (`test_no`)
) ENGINE=InnoDB DEFAULT CHARSET=latin1;

--
-- Dumping data for table `test`
--

INSERT INTO `test` (`test_no`, `test_name`) VALUES
('bn', 'bengali'),
('gu', 'gujarati '),
('hi', 'hindi');

-- --------------------------------------------------------

--
-- Table structure for table `user`
--

CREATE TABLE IF NOT EXISTS `user` (
  `email_id` varchar(100) NOT NULL,
  `name` varchar(100) NOT NULL,
  `L1` varchar(2) DEFAULT NULL,
  `L2` varchar(2) DEFAULT NULL,
  `start_time` varchar(20) NOT NULL DEFAULT '0000-00-00 00:00:00',
  `end_time` varchar(20) NOT NULL DEFAULT '0000-00-00 00:00:00',
  `lastQAttempted` int(40) DEFAULT NULL,
  PRIMARY KEY (`email_id`)
) ENGINE=InnoDB DEFAULT CHARSET=latin1;

--
-- Dumping data for table `user`
--

INSERT INTO `user` (`email_id`, `name`, `L1`, `L2`, `start_time`, `end_time`, `lastQAttempted`) VALUES
('', '', '', '', '17:01:16', '0000-00-00 00:00:00', NULL),
('111', '1111', NULL, 'gu', '03:22:52', '0000-00-00 00:00:00', NULL),
('201001171@daiict.ac.in', 'neel shah', NULL, 'gu', '23:14:08', '0000-00-00 00:00:00', NULL),
('201101108@daiict.ac.in', 'Rushik', NULL, 'gu', '23:29:48', '23:33:51', NULL),
('201211017@daiict.ac.in', 'Prashant', NULL, 'gu', '09:54:25', '0000-00-00 00:00:00', NULL),
('201311002@daiict.ac.in', 'Jainisha Sankhavara', NULL, 'gu', '19:35:17', '20:20:08', NULL),
('201311036', '', NULL, 'bn', '18:25:02', '0000-00-00 00:00:00', NULL),
('201311036@daiict.ac.in', 'Rachit Chandravadan Chhaya', NULL, 'gu', '18:49:37', '19:09:47', NULL),
('a1@a1.com', 'a1', NULL, 'gu', '03:11:59', '23:52:24', NULL),
('a@a.com', 'asf', NULL, 'gu', '09:34:24', '17:00:39', NULL),
('aad', 'faad', NULL, 'gu', '11:34:01', '0000-00-00 00:00:00', NULL),
('abc123dqwerty1234', 'wertyuiop', NULL, 'gu', '0000-00-00 10:00:00', '0000-00-00 10:00:00', NULL),
('abcdqwerty', 'wertyuiop', NULL, 'gu', '0000-00-00 00:00:00', '0000-00-00 00:00:00', NULL),
('abcdqwerty123', 'wertyuiop', NULL, 'gu', '0000-00-00 00:00:00', '0000-00-00 00:00:00', NULL),
('abcdqwerty1234', 'wertyuiop', NULL, 'gu', '0000-00-00 00:00:00', '0000-00-00 00:00:00', NULL),
('abhis@abhis.com', 'algk', NULL, 'bn', '14:21:00', '14:22:28', NULL),
('abhishek', 'Abhishek Shah', NULL, 'gu', '2014-03-10 09:00:00', '0000-00-00 00:00:00', NULL),
('abhishekshah', 'sfdf', NULL, 'gu', '22:54:05', '0000-00-00 00:00:00', NULL),
('ans@gmail.com', 'abhishek', NULL, 'gu', '17:01:36', '0000-00-00 00:00:00', NULL),
('arit', 'wertyuiop', NULL, 'gu', '13:22:20', '13:22:39', NULL),
('asd', 'dsa', NULL, 'gu', '23:18:37', '0000-00-00 00:00:00', NULL),
('asda', 'dsd', 'gu', 'bn', '2014-03-10 18:05:11', '0000-00-00 00:00:00', NULL),
('asdf', 'sadf', NULL, 'gu', '21:13:43', '0000-00-00 00:00:00', NULL),
('chhayarachit178@gmail.com', 'Rachit Chandravadan Chhaya', NULL, 'bn', '22:30:32', '22:30:40', NULL),
('dd', 'fd', 'gu', 'bn', '2014-03-10 18:05:11', '0000-00-00 00:00:00', NULL),
('ddhiu', 'dijd', 'gu', 'bn', '2014-03-10 18:05:11', '0000-00-00 00:00:00', NULL),
('ddhiudd', 'dijd', 'gu', 'bn', '2014-03-10 18:05:11', '0000-00-00 00:00:00', NULL),
('dekho', 'dekho', NULL, 'gu', '10:21:49', '0000-00-00 00:00:00', NULL),
('dfdghg', 'dfgrgrg', NULL, 'bn', '00:02:15', '0000-00-00 00:00:00', NULL),
('dfghjk@dfghj.com', 'ghj', NULL, 'gu', '16:08:29', '0000-00-00 00:00:00', NULL),
('dfio', 'dfkgj', 'gu', 'bn', '2014-03-10 18:05:11', '0000-00-00 00:00:00', NULL),
('DFIOPGJ', 'sfoihjef', 'gu', 'bn', '2014-03-10 18:05:11', '0000-00-00 00:00:00', NULL),
('dfkl', 'dkfjh', 'gu', 'bn', '2014-03-10 18:05:11', '0000-00-00 00:00:00', NULL),
('dfoidfj@something.cm', 'oijdfoijf', NULL, 'bn', '23:39:22', '0000-00-00 00:00:00', NULL),
('dhruvkumarr.patel51@gmail.com', 'Dhruv Patel', NULL, 'gu', '22:46:21', '0000-00-00 00:00:00', NULL),
('dod', 'dijd', 'gu', 'bn', '2014-03-10 18:05:11', '0000-00-00 00:00:00', NULL),
('dsafjfj', 'dfoief', NULL, 'bn', '23:57:30', '0000-00-00 00:00:00', NULL),
('e5u56u1`', 'hyrjtj', 'gu', 'bn', '2014-03-10 18:05:11', '0000-00-00 00:00:00', NULL),
('eoe', 'cksd', 'gu', 'bn', '2014-03-10 18:05:11', '0000-00-00 00:00:00', NULL),
('eryry', 'dfhdh', 'gu', 'bn', '2014-03-10 18:05:11', '0000-00-00 00:00:00', NULL),
('ewing1@da.com', 'ewing1', NULL, 'gu', '22:22:45', '0000-00-00 00:00:00', NULL),
('ewing2@da.com', 'ewing2', NULL, 'gu', '22:23:22', '22:25:59', NULL),
('ewing@da.com', 'ewing', NULL, 'gu', '22:19:25', '0000-00-00 00:00:00', NULL),
('fd', 'a1', NULL, 'gu', '03:14:18', '0000-00-00 00:00:00', NULL),
('fdopfk', 'dfgioj', 'gu', 'bn', '2014-03-10 18:05:11', '0000-00-00 00:00:00', NULL),
('fefek@fkf.dk', 'dfjoej', NULL, 'bn', '18:20:11', '18:21:12', NULL),
('fgh', 'fhrh', NULL, 'bn', '00:22:05', '0000-00-00 00:00:00', 0),
('fghreh`', 'fhrhrh', NULL, 'bn', '00:08:03', '0000-00-00 00:00:00', NULL),
('fgj', 'dge', 'bn', 'gu', '2014-03-10 18:05:11', '0000-00-00 00:00:00', NULL),
('fhfhh', 'jhtj', 'gu', 'bn', '2014-03-10 18:05:11', '0000-00-00 00:00:00', NULL),
('final@check.com', 'final', NULL, 'gu', '01:15:40', '0000-00-00 00:00:00', NULL),
('fkf', 'doj', 'gu', 'bn', '2014-03-10 18:05:11', '0000-00-00 00:00:00', NULL),
('fodjfij@ffn.dd', 'jfdoifj', NULL, 'bn', '18:00:00', '0000-00-00 00:00:00', NULL),
('fsrhtktykylylk', 'grrh', NULL, 'bn', '00:43:30', '0000-00-00 00:00:00', NULL),
('fstrt@fgfg.dsfd', 'sghfhyfg', NULL, 'gu', '15:39:14', '0000-00-00 00:00:00', NULL),
('fthjt@gmail.com', 'fgf', NULL, 'gu', '11:36:55', '0000-00-00 00:00:00', NULL),
('gfreopgj1', 'gjrptgj1q', NULL, 'bn', '00:21:27', '0000-00-00 00:00:00', NULL),
('ghfgtj', 'grrh', NULL, 'bn', '00:29:11', '0000-00-00 00:00:00', NULL),
('go@go.com', 'go', NULL, 'gu', '23:59:38', '0000-00-00 00:00:00', NULL),
('grejk', 'epfke', 'gu', 'bn', '2014-03-10 18:05:11', '0000-00-00 00:00:00', NULL),
('harsh1@gmail.com', 'harsh', NULL, 'bn', '16:07:05', '16:07:30', NULL),
('HDFHH', 'JGHGH', NULL, 'bn', '2014-03-10 18:05:11', '0000-00-00 00:00:00', NULL),
('hello', 'hello', NULL, 'gu', '22:01:40', '0000-00-00 00:00:00', NULL),
('hkuk', 'ghh', 'gu', 'bn', '2014-03-10 18:05:11', '0000-00-00 00:00:00', NULL),
('hostel@da.com', 'hostel', NULL, 'gu', '14:48:38', '0000-00-00 00:00:00', NULL),
('hrh1', 'gegeg', NULL, 'bn', '00:23:06', '0000-00-00 00:00:00', 0),
('hvjh', 'a', NULL, 'gu', '03:13:14', '0000-00-00 00:00:00', NULL),
('idof', 'fof', 'gu', 'bn', '2014-03-10 18:05:11', '0000-00-00 00:00:00', NULL),
('igeniusshah@gmail.com', 'abhishek', 'gu', 'bn', '2014-03-10 18:05:11', '0000-00-00 00:00:00', NULL),
('iogjgdklpg', 'dgopijert', NULL, 'bn', '2014-03-10 18:05:11', '0000-00-00 00:00:00', NULL),
('irlab1@da.com', 'irlab1', NULL, 'gu', '22:57:49', '0000-00-00 00:00:00', NULL),
('irlab2@da.com', 'irlab2', NULL, 'gu', '23:07:53', '0000-00-00 00:00:00', NULL),
('irlab3@da.com', 'irlab3', NULL, 'gu', '23:09:31', '0000-00-00 00:00:00', NULL),
('irlab4@da.com', 'irlab4', NULL, 'gu', '23:23:48', '0000-00-00 00:00:00', NULL),
('irlab@da.com', 'irlab', NULL, 'gu', '22:41:32', '0000-00-00 00:00:00', NULL),
('ityiy', 'hrtfhh', 'gu', 'bn', '2014-03-10 18:05:11', '0000-00-00 00:00:00', NULL),
('ix@gmail.om', 'gjhhgh', NULL, 'gu', '01:10:29', '0000-00-00 00:00:00', NULL),
('k0oi', 'kjgtij', NULL, 'bn', '2014-03-10 18:05:11', '0000-00-00 00:00:00', NULL),
('koerp', 'ropropr', 'gu', 'bn', '2014-03-10 18:05:11', '0000-00-00 00:00:00', NULL),
('lab1@da.com', 'lab1', NULL, 'gu', '17:06:49', '0000-00-00 00:00:00', NULL),
('lab3@da.com', 'lab3', NULL, 'gu', '22:10:07', '0000-00-00 00:00:00', NULL),
('lab44@da.com', 'lab44', NULL, 'gu', '23:04:51', '0000-00-00 00:00:00', NULL),
('lab4@da.com', 'lab4', NULL, 'gu', '23:01:57', '0000-00-00 00:00:00', NULL),
('lab@da.com', 'lab', NULL, 'gu', '17:05:54', '17:05:57', NULL),
('lkhljlq', 'lkjhl', NULL, 'bn', '2014-03-10 18:05:11', '0000-00-00 00:00:00', NULL),
('lo', 'lo', NULL, 'gu', '10:37:59', '0000-00-00 00:00:00', NULL),
('lowhy', 'whhhw', NULL, 'gu', '10:42:42', '0000-00-00 00:00:00', NULL),
('madafterknowledge@gmail.com', 'Yogarshi Vyas', NULL, 'gu', '16:59:07', '0000-00-00 00:00:00', NULL),
('mehulchhaya2012@gmail.com', 'mehul chhaya', NULL, 'gu', '22:12:27', '0000-00-00 00:00:00', NULL),
('merathchhaya2020@gmail.com', 'mehul chhaya', NULL, 'gu', '22:19:54', '23:42:58', NULL),
('mjh', 'oj', 'gu', 'bn', '2014-03-10 18:05:11', '0000-00-00 00:00:00', NULL),
('mozilla@da.com', 'mozilla', NULL, 'gu', '23:27:04', '0000-00-00 00:00:00', NULL),
('nik', 'nik', NULL, 'gu', '2014-03-10 18:05:11', '0000-00-00 00:00:00', NULL),
('nikit@gmail.com', 'Nikit', NULL, 'gu', '01:07:04', '0000-00-00 00:00:00', NULL),
('nikit@nikit.com', 'Nikit', NULL, 'gu', '03:21:56', '0000-00-00 00:00:00', NULL),
('nikitaSaraf@areysun.com', 'Nikit', NULL, 'gu', '02:08:16', '0000-00-00 00:00:00', NULL),
('nth`', 'grrh', NULL, 'bn', '00:23:28', '0000-00-00 00:00:00', 0),
('oihy', 'ijiopj', 'gu', 'bn', '2014-03-10 18:05:11', '0000-00-00 00:00:00', NULL),
('oij', 'dfio', 'gu', 'bn', '2014-03-10 18:05:11', '0000-00-00 00:00:00', NULL),
('parth@daiict.ac.in', 'parth', NULL, 'gu', '19:40:12', '0000-00-00 00:00:00', NULL),
('parth_me@daiict.ac.in', 'Parth', NULL, 'gu', '17:42:43', '0000-00-00 00:00:00', NULL),
('prasenjit.majumder@gmail.com', 'Prasenjit Majumder', NULL, 'bn', '11:37:55', '0000-00-00 00:00:00', NULL),
('qwert', 'ascd', NULL, 'gu', '10:23:35', '10:23:49', NULL),
('rghy', 'grrh', NULL, 'bn', '00:24:36', '0000-00-00 00:00:00', 0),
('rgrg@gg.bg', 'efef', NULL, 'bn', '13:09:14', '0000-00-00 00:00:00', NULL),
('rgtg', 'grrh', NULL, 'bn', '00:25:49', '0000-00-00 00:00:00', 0),
('rhrhrhrjrhjrr', 'dfgrgrg', NULL, 'bn', '00:47:23', '0000-00-00 00:00:00', NULL),
('riogj', 'oifghrio', NULL, 'bn', '2014-03-10 18:05:11', '0000-00-00 00:00:00', NULL),
('rogije', 'iojhr', NULL, 'gu', '2014-03-10 18:05:11', '0000-00-00 00:00:00', NULL),
('sdfdf@dkfdk.dld', 'dfkdf', NULL, 'gu', '17:50:27', '0000-00-00 00:00:00', NULL),
('shalin@da.com', 'shalin', NULL, 'gu', '11:39:40', '0000-00-00 00:00:00', NULL),
('Shalin@Shalin.com', 'Shalin', NULL, 'gu', '02:58:34', '0000-00-00 00:00:00', NULL),
('shalinshah1993@gmail.com', 'Shalin', NULL, 'gu', '23:58:53', '00:44:40', NULL),
('shivang', 'shivang', NULL, 'gu', '23:47:06', '0000-00-00 00:00:00', NULL),
('shivang93@gmail.com', 'shivang', NULL, 'gu', '03:24:46', '03:25:52', NULL),
('shivang@bhatt.com', 'shivang', NULL, 'gu', '16:51:50', '17:05:29', NULL),
('shivang@shivu.com', 'Shivu', NULL, 'gu', '01:45:38', '0000-00-00 00:00:00', NULL),
('shubh', 'shubh', NULL, 'gu', '2014-03-10 18:05:11', '0000-00-00 00:00:00', NULL),
('smitsanghavi22@gmail.com', 'Smit', NULL, 'gu', '14:39:36', '15:20:47', NULL),
('Test2', 'Test2', NULL, 'hi', '2014-03-10 18:05:11', '0000-00-00 00:00:00', NULL),
('Test@8apr.com', 'Test', NULL, 'gu', '13:09:58', '0000-00-00 00:00:00', NULL),
('test@apr1.com', 'test', NULL, 'gu', '19:47:29', '0000-00-00 00:00:00', NULL),
('test@apr10.com', 'apr10', NULL, 'gu', '14:24:06', '0000-00-00 00:00:00', NULL),
('test@apr2.com', 'apr2', NULL, 'gu', '13:24:14', '0000-00-00 00:00:00', NULL),
('test@apr4.com', 'apr4', NULL, 'gu', '18:05:42', '0000-00-00 00:00:00', NULL),
('test@dcei.com', 'test', NULL, 'gu', '02:58:46', '0000-00-00 00:00:00', NULL),
('tojoij', 'dfigjei', 'gu', 'bn', '2014-03-10 18:05:11', '0000-00-00 00:00:00', NULL),
('try', 'try', NULL, 'gu', '10:25:35', '0000-00-00 00:00:00', NULL),
('tyijri', 'gjogj', 'gu', 'bn', '2014-03-10 18:05:11', '0000-00-00 00:00:00', NULL),
('tyk', 'tu', 'gu', 'bn', '2014-03-10 18:05:11', '0000-00-00 00:00:00', NULL),
('uinh@hfu.kuhy', 'iygiygi', NULL, 'gu', '14:57:57', '0000-00-00 00:00:00', NULL),
('vfyiyi', 'jftut', NULL, 'gu', '01:07:52', '0000-00-00 00:00:00', NULL),
('whyyaar', 'yaar', NULL, 'gu', '13:36:37', '0000-00-00 00:00:00', NULL),
('wwerry', 'uierbfhef', 'gu', 'bn', '2014-03-10 18:05:11', '0000-00-00 00:00:00', NULL),
('xyz', 'xy', NULL, 'gu', '21:03:21', '0000-00-00 00:00:00', NULL),
('xyz@xyz.com', 'xyz', NULL, 'gu', '20:35:40', '20:37:36', NULL),
('yjyrf', 'rtujkyi', 'gu', 'bn', '2014-03-10 18:05:11', '0000-00-00 00:00:00', NULL),
('yogarshi.vyas@gmail.com', 'Yogarshi', NULL, 'gu', '17:00:11', '0000-00-00 00:00:00', NULL),
('yogarshi@gmail.com', 'Yogarshi', NULL, 'gu', '17:00:42', '17:32:56', NULL),
('ytj', 'ghty', 'gu', 'bn', '2014-03-10 18:05:11', '0000-00-00 00:00:00', NULL);

--
-- Constraints for dumped tables
--

--
-- Constraints for table `passage`
--
ALTER TABLE `passage`
  ADD CONSTRAINT `passage_ibfk_1` FOREIGN KEY (`test_id`) REFERENCES `test` (`test_no`) ON DELETE CASCADE ON UPDATE CASCADE;

--
-- Constraints for table `question`
--
ALTER TABLE `question`
  ADD CONSTRAINT `question_ibfk_1` FOREIGN KEY (`passage_id`) REFERENCES `passage` (`id`) ON DELETE CASCADE ON UPDATE CASCADE;

--
-- Constraints for table `record_answer`
--
ALTER TABLE `record_answer`
  ADD CONSTRAINT `record_answer_ibfk_1` FOREIGN KEY (`email_id`) REFERENCES `user` (`email_id`) ON DELETE CASCADE ON UPDATE CASCADE,
  ADD CONSTRAINT `record_answer_ibfk_2` FOREIGN KEY (`q_no`) REFERENCES `question` (`q_no`) ON DELETE CASCADE ON UPDATE CASCADE;

/*!40101 SET CHARACTER_SET_CLIENT=@OLD_CHARACTER_SET_CLIENT */;
/*!40101 SET CHARACTER_SET_RESULTS=@OLD_CHARACTER_SET_RESULTS */;
/*!40101 SET COLLATION_CONNECTION=@OLD_COLLATION_CONNECTION */;
